ticker,pe,roe,analyst_rating_raw
1333.T,10.2771845,0.08513,none
1376.T,12.5311985,0.05158,none
1375.T,50.0,0.1008,none
1301.T,8.849558,0.0,none
1332.T,15.699464,0.1066,buy
1377.T,15.848097,0.06309,buy
1379.T,11.025321,0.107080005,none
1380.T,44.64673,0.060229998,none
1382.T,0.0,-0.00958,none
1381.T,9.881473,0.10371,none
1383.T,111.111115,0.052800003,none
1401.T,19.342915,0.14659001,none
1384.T,8.431597,0.11241999,none
1407.T,13.495116,0.16728,strong_buy
1414.T,20.0,0.1387,none
1417.T,16.611265,0.08816,strong_buy
1419.T,48.545433,0.08319,sell
1418.T,7.948922,0.20125,none
1420.T,6.891526,0.0348,none
1429.T,11.925988,0.17089,none
1430.T,10.162254,0.13269,none
1432.T,0.0,0.0,none
1431.T,66.22177,0.046090003,none
1433.T,19.961103,0.12053,none
1434.T,11.709798,0.18907,none
1435.T,9.259259,0.19448,none
1436.T,49.260483,0.08981,none
1443.T,8.018358,0.05262,none
1438.T,15.504074,0.11375,none
1444.T,0.0,-0.026889998,none
1445.T,0.0,0.0,none
1446.T,25.378073,0.07326,none
1447.T,38.316723,0.1174,none
1450.T,8.877176,0.17764,none
1452.T,6.876818,0.0,none
1491.T,12.642208,0.15832,none
1514.T,16.695059,0.11983,none
1515.T,21.50529,0.07014,none
1518.T,6.7980294,0.18361999,none
1605.T,12.8042145,0.08457,hold
1662.T,7.2622237,0.084139995,none
1663.T,15.847657,0.088690005,none
1711.T,0.0,-0.069510005,none
1716.T,9.891339,0.08911,none
1717.T,12.29966,0.17406,none
1718.T,5.216484,0.0929,none
1719.T,11.947112,0.0,hold
1720.T,23.660713,0.11707,none
1723.T,20.367168,0.15873,none
1721.T,19.841476,0.08924,none
1724.T,14.085588,0.25195,none
1726.T,20.831684,0.080340005,none
1758.T,12.4072485,0.05039,none
1762.T,12.562647,0.07567,strong_buy
1736.T,10.320117,0.15039,none
1764.T,8.143405,0.0,none
1766.T,11.50748,0.120299995,strong_buy
1770.T,11.708794,0.06797,none
1768.T,10.373286,0.12292,none
1773.T,13.485114,0.13242,none
1776.T,68.028595,0.01777,none
1780.T,8.097341,0.10429,none
1786.T,13.605197,0.06336,none
1783.T,0.0,-0.03079,none
1787.T,15.313814,0.11076,none
1793.T,33.111782,0.03313,none
1788.T,9.794282,0.094849996,none
1795.T,10.559673,0.08607,none
1798.T,4.9456887,0.16181,none
1799.T,12.706318,0.060149997,none
1801.T,20.508865,0.0,buy
1802.T,16.207489,0.15325,buy
1803.T,20.0,0.11965,hold
1807.T,10.493364,0.052160002,none
1808.T,20.28439,0.10509,buy
1811.T,14.814815,0.04146,none
1810.T,11.363794,0.09219,none
1813.T,15.552099,0.10812,none
1814.T,12.658006,0.16188999,none
1812.T,17.698917,0.0,strong_buy
1820.T,12.8865185,0.0,buy
1815.T,16.393442,0.04005,none
1822.T,21.011145,0.06156,none
1826.T,22.27208,0.05806,none
1827.T,15.759687,0.07197,none
1828.T,9.380828,0.10528,none
1833.T,17.76199,0.029289998,none
1835.T,15.408196,0.10741,none
1840.T,0.0,-0.016590001,none
1844.T,20.488857,0.08935001,none
1847.T,7.6161885,0.0,none
1848.T,3.7118452,0.22325,none
1850.T,6.698297,0.11437,none
1852.T,13.567634,0.13019,none
1853.T,11.962963,0.17448,none
1860.T,14.513612,0.10925,buy
1861.T,19.803091,0.11468001,strong_buy
1866.T,11.312092,0.07033,none
1867.T,8.084126,0.08371,none
1870.T,8.810409,0.1532,none
1871.T,15.266328,0.15507,none
1873.T,59.85533,0.0,none
1878.T,13.020761,0.1974,hold
1879.T,8.481836,0.11416,none
1882.T,20.039362,0.06459,none
1885.T,15.600972,0.16404,none
1887.T,22.424019,0.03178,none
1888.T,11.848204,0.08552,none
1893.T,25.639755,0.18159,strong_buy
1897.T,29.58527,0.01263,none
1898.T,12.738905,0.101169996,none
1899.T,13.037771,0.06387,none
1904.T,15.220658,0.09157,none
1905.T,12.9704895,0.06764,none
1909.T,16.420074,0.17616,none
1911.T,8.312755,0.12991,none
1914.T,11.724137,0.0471,none
1921.T,34.248913,0.025840001,none
1925.T,10.141922,0.11734,none
1926.T,16.129032,0.13942,hold
1928.T,10.152214,0.11247,buy
1930.T,13.174237,0.07989,none
1929.T,15.874597,0.11303,none
1934.T,15.698729,0.09029,none
1938.T,13.054869,0.08975001,none
1939.T,18.518862,0.08168,none
1941.T,12.547004,0.07515,none
1942.T,25.316204,0.15217,none
1944.T,24.681866,0.1047,none
1945.T,15.897983,0.067379996,none
1946.T,13.123117,0.114750005,none
1948.T,20.01393,0.13052,none
1950.T,19.23149,0.090679996,none
1951.T,19.257462,0.1076,none
1952.T,14.77718,0.18035,none
1960.T,8.368049,0.06866,none
1959.T,22.421276,0.106359996,buy
1961.T,22.779238,0.1899,none
1964.T,8.960573,0.15656,none
1963.T,23.013136,0.082399994,none
1965.T,14.492754,0.20941,none
1966.T,8.741175,0.06403,none
1967.T,11.173213,0.120620005,none
1968.T,21.349245,0.09449001,none
1969.T,15.45612,0.22594999,none
1972.T,8.631184,0.12157,none
1976.T,12.488664,0.120699994,none
1975.T,14.184397,0.18327999,none
1979.T,17.857143,0.09989,buy
1980.T,15.151834,0.22097,none
1981.T,10.684049,0.0725,none
1982.T,22.2469,0.1104,none
1994.T,23.144653,0.01762,none
1992.T,16.862934,0.04221,none
1997.T,8.368285,0.1333,none
2001.T,12.106281,0.08039,none
2002.T,25.487877,0.053590003,none
2004.T,10.761068,0.07174,none
2003.T,19.608051,0.068969995,none
2009.T,22.834806,0.03121,none
2053.T,14.83637,0.07118,none
2055.T,22.881844,0.034649998,none
2060.T,8.733915,0.11071999,none
2109.T,20.324741,0.033570003,none
2108.T,0.0,-0.022839999,none
2112.T,5.6242733,0.14479,none
2114.T,11.947905,0.120340005,none
2117.T,16.69449,0.082159996,none
2120.T,10.195675,0.10467,none
2121.T,10.190803,0.10026,none
2122.T,38.318607,0.047080003,none
2124.T,16.584814,0.41544998,none
2127.T,16.637346,0.30945998,buy
2130.T,15.454948,0.16775,none
2134.T,0.0,-0.32606,none
2136.T,14.045584,0.12212,none
2138.T,26.903553,-0.039690003,none
2139.T,28.2489,0.09155,none
2146.T,20.50209,0.17708999,none
2148.T,22.320549,0.15279001,none
2152.T,16.412046,0.10626,none
2153.T,8.782435,0.09323,none
2154.T,11.96144,0.17187999,none
2156.T,17.92396,0.00721,none
2157.T,18.502943,0.16570999,none
2158.T,116.78623,0.14543,none
2162.T,0.0,-0.15869,none
2164.T,120.588234,-1.35309,none
2160.T,16.257206,-0.15619001,strong_buy
2163.T,15.4802885,0.25337,none
2168.T,40.20284,-0.034849998,none
2169.T,27.47269,0.051269997,none
2173.T,8.237501,0.45904,none
2170.T,40.48096,0.12942,none
2175.T,19.341703,0.15786,none
2179.T,9.217034,0.11934,none
2181.T,13.756492,0.19106,buy
2180.T,9.16187,0.31308,none
2183.T,10.978724,-0.26568002,none
2185.T,11.574074,0.11298,none
2186.T,17.242697,0.08484,none
2193.T,14.031413,0.05589,none
2198.T,11.990583,0.20709999,none
2195.T,27.48307,0.10813,none
2201.T,14.164384,0.14996,none
2204.T,24.941866,0.0,none
2206.T,74.62705,0.05448,underperform
2207.T,15.079366,0.05481,none
2209.T,12.135681,0.102060005,none
2208.T,15.822939,0.08568,none
2211.T,31.556232,0.037130002,none
2212.T,16.102842,0.08948,buy
2215.T,13.179465,0.038540002,none
2216.T,15.198403,0.18864,none
2217.T,25.853577,0.03263,none
2220.T,3.509968,0.31041,none
2221.T,16.638765,0.033299997,none
2224.T,0.0,0.03484,none
2222.T,23.584545,0.29391,strong_buy
2226.T,22.522087,0.12746,none
2229.T,22.98842,0.0,hold
2264.T,39.371433,0.04302,none
2266.T,15.527869,0.0,none
2268.T,22.075235,0.12371001,none
2267.T,18.86832,0.07873,hold
2269.T,23.696909,0.06292,hold
2270.T,13.387071,0.096499994,none
2281.T,23.528421,0.03721,none
2282.T,22.295235,0.059910003,hold
2286.T,5.211067,0.114379995,none
2288.T,13.387222,0.06796,none
2291.T,0.0,-0.21576999,none
2292.T,17.421505,0.06606,none
2293.T,0.0,-0.047140002,none
2294.T,41.491127,0.04092,none
2296.T,19.959734,0.057579998,underperform
2300.T,73.52941,0.07152,none
2301.T,12.042933,0.11919,strong_buy
2303.T,20.039837,0.1577,none
2304.T,8.278401,0.20861,none
2305.T,21.276367,0.04449,none
2307.T,9.699468,0.23501,none
2311.T,17.242834,0.09101,none
2317.T,18.177893,0.32909,none
2315.T,63.934425,0.05055,none
2321.T,0.0,-0.17506,none
2323.T,28.642797,0.06981,none
2325.T,21.14151,0.07976,none
2326.T,23.753178,0.19593,none
2327.T,26.177334,0.10735,underperform
2329.T,9.049839,0.16194001,none
2330.T,11.012783,0.15785,none
2331.T,19.607994,0.0,buy
2332.T,10.905306,0.10808,none
2334.T,0.0,0.02009,none
2335.T,13.623302,0.0,none
2337.T,11.467037,0.13936,none
2338.T,0.0,-2.2692301,none
2340.T,21.460176,0.16882,none
2341.T,21.276596,-0.15362,none
2342.T,0.0,-0.14701,none
2345.T,0.0,-0.42451,none
2344.T,13.227983,0.0646,none
2351.T,14.643895,0.08667,none
2349.T,10.881342,0.10467,none
2354.T,12.609535,0.16946,none
2353.T,18.348623,0.26034,none
2359.T,13.495405,0.15379,none
2371.T,21.786179,0.32863998,buy
2370.T,0.0,-0.69344,none
2375.T,15.827863,0.22941,none
2373.T,15.384616,0.129,none
2376.T,26.525728,0.01742,none
2378.T,41.91759,0.04729,none
2379.T,14.409102,0.20087999,none
2385.T,38.00905,0.02863,none
2384.T,14.577013,0.1125,strong_buy
2388.T,0.0,-0.16610001,none
2393.T,18.083183,0.12474,none
2391.T,19.530033,0.07714,none
2404.T,20.879557,1.0842099,none
2395.T,13.459131,0.07981,strong_buy
2408.T,16.51416,0.07757,none
2410.T,11.792475,0.27259,none
2411.T,10.928836,0.11951,none
2415.T,6.6094127,0.14422,none
2413.T,24.33072,0.12472,none
2418.T,6.4977646,0.123409994,none
2424.T,10.605007,0.074200004,none
2425.T,10.785023,0.11739001,none
2429.T,7.336765,0.14243001,none
2428.T,12.253992,0.118590005,none
2432.T,6.662291,0.09747,none
2433.T,24.508457,0.05341,hold
2435.T,5.7344856,0.31768999,none
2436.T,10.309597,0.2274,none
2437.T,0.0,-0.26227,none
2438.T,0.0,-0.04772,none
2440.T,178.82352,0.0,none
2445.T,14.790528,0.0,none
2449.T,10.245673,0.09736,none
2452.T,0.0,0.0,none
2454.T,89.32039,-0.0067299996,none
2459.T,0.0,-0.30361998,none
2461.T,22.678844,0.07335,none
2462.T,13.418874,0.1341,none
2464.T,18.115183,0.03612,none
2469.T,16.58353,0.23327999,none
2471.T,14.3244705,0.14418,none
2475.T,9.442743,0.09974,none
2477.T,15.105775,0.06313,none
2479.T,10.123352,0.107200004,none
2480.T,16.403603,0.098620005,none
2481.T,9.9408455,0.07535,none
2483.T,8.163359,0.09791,none
2484.T,168.42105,-0.20291,none
2485.T,13.005051,0.0857,none
2488.T,10.741437,0.11047,none
2489.T,43.49845,0.02076,none
2491.T,20.879608,0.038900003,none
2492.T,54.641598,0.16656,buy
2497.T,10.2004,-0.07064,none
2493.T,30.861965,0.03579,none
2498.T,9.832872,0.14713,none
2501.T,48.539295,0.072340004,underperform
2499.T,12.57837,0.062750004,none
2502.T,14.064259,0.05805,none
2503.T,14.577499,0.11389,buy
2531.T,26.955202,0.03949,none
2540.T,75.1922,0.015520001,none
2533.T,7.9707494,0.119219996,none
2579.T,38.77071,-0.11969,buy
2573.T,35.714287,0.03907,none
2585.T,22.987032,0.23965,buy
2586.T,24.406048,0.05617,none
2587.T,16.340097,0.08036,hold
2590.T,26.871988,-0.39558,none
2588.T,17.699324,0.25823,none
2593.T,25.0,0.01713,none
2594.T,72.98194,0.010650001,none
2597.T,21.598574,0.09899,none
2602.T,7.8125,0.11686,strong_buy
2613.T,13.423119,0.03498,none
2607.T,36.080048,0.0,none
2612.T,16.694492,0.078,none
2652.T,9.606987,0.09157,none
2653.T,14.662387,0.12810001,none
2654.T,19.08615,0.04447,none
2664.T,14.792613,0.03799,none
2656.T,0.0,-1.5167799,none
2659.T,19.417757,0.07381,buy
2666.T,7.8721375,0.04,none
2668.T,13.812772,0.14494,none
2667.T,0.0,-0.54605997,none
2670.T,15.384821,0.0,buy
2669.T,20.57624,0.04168,none
2673.T,15.771812,0.05367,none
2676.T,44.444443,0.0881,none
2674.T,12.869674,0.12816,none
2678.T,9.646533,-0.15322,hold
2681.T,14.925373,0.060289998,none
2683.T,114.98856,0.05009,none
2686.T,0.0,0.02441,none
2685.T,14.836578,0.11936,buy
2689.T,10.131693,0.104169995,none
2687.T,10.448678,0.04208,none
2692.T,19.960049,0.07042,none
2693.T,53.430355,0.00348,none
2694.T,0.0,-0.11971,none
2695.T,39.216766,0.04163,none
2698.T,117.6259,0.05883,none
2700.T,3.0637326,0.30532,none
2702.T,33.237846,0.12712,none
2705.T,47.170437,0.29885998,none
2708.T,5.98089,0.18271999,none
2721.T,0.0,-5.95349,none
2722.T,12.346457,0.10451,none
2730.T,17.921543,0.06372,none
2726.T,0.008997182,0.22409001,strong_buy
2733.T,10.351793,0.07383,none
2734.T,11.79302,0.07492,none
2735.T,9.487723,0.06847,none
2737.T,13.462054,0.15467,none
2736.T,13.946083,0.113170005,none
2747.T,26.665508,0.060549997,none
2742.T,10.660879,0.1311,none
2749.T,15.975387,0.0,none
2750.T,8.802624,0.12267,none
2751.T,25.906218,0.114779994,none
2753.T,23.393232,0.057140004,strong_buy
2752.T,624.85876,0.01043,none
2760.T,13.17545,0.0,none
2762.T,0.0,-2.42922,none
2763.T,6.7024426,0.17684,none
2767.T,5.099368,0.31019,none
2764.T,0.0,-0.0058099995,none
2768.T,12.269962,0.11336,buy
2769.T,0.0,-0.92866,none
2776.T,0.0,0.0996,none
2780.T,15.479925,0.12589,none
2778.T,67.41573,0.013300001,none
2782.T,21.645561,0.12371001,hold
2784.T,18.83208,0.06875,none
2788.T,5.747503,0.0785,none
2790.T,81.63341,0.00357,none
2789.T,11.217872,0.11482,none
2791.T,12.437997,0.09483,none
2792.T,12.1505995,0.06879,none
2795.T,12.343182,0.041479997,none
2798.T,32.257362,0.45185003,none
2796.T,0.0,-0.01679,none
2801.T,24.818167,0.1104,buy
2802.T,125.01326,0.10297,buy
2804.T,9.727627,0.10389,none
2805.T,15.999746,0.091730006,none
2806.T,23.473707,0.02152,none
2810.T,23.148012,0.041929998,none
2809.T,18.484423,0.09979,none
2811.T,17.920902,0.075279996,none
2813.T,9.216536,0.12189,none
2814.T,15.974359,0.033800002,none
2816.T,45.25571,0.09382,none
2815.T,18.017736,0.07216,none
2818.T,0.0,-0.0107700005,none
2819.T,18.248484,0.04833,none
2820.T,16.18117,0.17607,none
2831.T,13.157894,0.0572,none
2871.T,19.282057,0.09810001,none
2872.T,31.041058,0.01681,none
2874.T,49.25684,0.03824,none
2875.T,17.574623,0.13028,buy
2876.T,0.0,0.07056,none
2877.T,18.246042,0.028350001,none
2882.T,76.91137,0.01131,none
2883.T,0.0,-0.07297,none
2884.T,14.203946,0.14027001,none
2892.T,13.227336,0.0,none
2894.T,13.944879,0.10702,none
2897.T,18.796629,0.10299,buy
2901.T,16.314339,0.0,none
2903.T,16.393959,0.066750005,none
2904.T,34.96344,0.024300002,none
2907.T,12.936074,0.030250002,none
2908.T,33.901917,0.01967,none
2910.T,303.0769,0.00117,none
2911.T,15.57624,0.03395,none
2914.T,21.459564,0.12583,buy
2915.T,13.927897,0.064109996,none
2917.T,0.0,-0.00017000001,none
2916.T,36.629097,0.02954,none
2918.T,13.19285,0.08294,buy
2922.T,28.088888,0.03799,none
2923.T,11.848417,0.16615999,none
2924.T,7.3260922,0.17045,none
2926.T,37.17472,0.10065,none
2927.T,8.665241,0.10159001,none
2929.T,4.594595,-0.15447,none
2930.T,18.30161,0.0923,none
2932.T,9.041538,0.26999,none
2931.T,-164.4,0.01735,none
2933.T,15.174985,0.05372,none
2934.T,21.26039,-0.058579996,none
2935.T,12.531917,0.06676,none
2936.T,30.406654,0.48101002,none
2937.T,31.151737,0.10917,none
2938.T,27.470142,0.14083,none
2961.T,9.233584,0.06367,none
2962.T,0.0,-0.90405,none
2970.T,12.263263,0.32661,none
2975.T,14.49287,0.17834,strong_buy
2978.T,70.38269,0.03707,none
2980.T,51.492992,0.17882,none
2981.T,6.1702356,0.25280002,none
2982.T,6.357439,0.16779,none
2983.T,9.328316,0.36453998,strong_buy
2984.T,43.85749,0.00434,none
2985.T,13.8432255,0.0,none
2986.T,10.567696,0.2552,none
2990.T,82.692314,0.01288,none
2991.T,6.596417,0.21067,none
2992.T,47.619045,0.0,none
2993.T,5.5835094,0.18962999,none
2994.T,9.920824,0.0,none
2995.T,4.7125354,0.0,none
2997.T,14.471104,0.09924,none
2998.T,20.834486,0.23942,none
2999.T,11.694677,0.11911,none
3001.T,15.290926,0.06137,none
3002.T,49.018387,0.02777,none
3003.T,12.594685,0.12839,none
3004.T,4.9180326,0.18318,none
3011.T,10.674157,0.08488,none
3010.T,12.258953,0.11903,none
3020.T,5.1493435,0.18445,none
3021.T,15.43185,0.23807,none
3023.T,9.781529,0.10543,none
3024.T,8.389067,0.09462,none
3028.T,14.450587,0.03903,none
3030.T,25.129,0.16603,none
3031.T,16.261726,0.1568,strong_buy
3034.T,9.794124,0.11964,none
3035.T,10.183876,0.08528,none
3036.T,17.211704,0.08831,none
3038.T,22.727272,0.18132,hold
3040.T,14.264967,0.17981,none
3041.T,0.0,-0.00587,none
3042.T,15.580285,0.06587,none
3045.T,9.199341,0.05171,none
3046.T,15.1285925,0.29479998,none
3048.T,17.889683,0.110240005,none
3050.T,12.594401,0.06007,none
3053.T,0.0,-0.03471,none
3054.T,10.310109,0.08015,none
3058.T,18.379978,0.13186,none
3059.T,0.0,-0.15559,none
3063.T,25.77287,0.04499,none
3067.T,53.17647,0.03481,none
3064.T,27.763319,0.28151,hold
3068.T,0.0,-0.109189995,none
3065.T,16.129354,0.12591,none
3069.T,34.84536,0.07596,none
3071.T,0.0,0.050240003,none
3075.T,29.067245,0.0,none
3076.T,11.520886,0.117130004,none
3070.T,0.0,-0.094239995,none
3079.T,32.786884,0.03503,none
3080.T,52.63158,0.02319,none
3077.T,15.265662,0.0,none
3082.T,39.991676,0.12618,none
3083.T,0.0,-0.53183,none
3086.T,21.141771,0.06974,hold
3087.T,19.876875,0.06641,none
3089.T,4.7280817,0.22966999,none
3088.T,17.985123,0.10854,buy
3091.T,34.012577,0.09423,none
3092.T,21.737421,0.50288,hold
3096.T,14.7924795,0.09105,none
3097.T,28.571428,0.17232999,strong_buy
3093.T,13.122875,0.28184998,none
3099.T,20.661581,0.096540004,hold
3101.T,16.811192,0.04754,buy
3103.T,35.03012,0.34915,none
3104.T,24.691757,0.105299994,strong_buy
3105.T,18.381775,0.00866,none
3106.T,13.157895,0.10023,none
3109.T,14.306608,0.0422,none
3110.T,64.515305,0.25874,none
3111.T,0.0,-0.34333,none
3113.T,0.0,-0.51857,none
3107.T,9.250616,0.21067,none
3116.T,21.141521,0.046609998,hold
3123.T,7.651396,0.06528,none
3121.T,0.0,-0.01049,none
3131.T,9.940401,0.074829996,none
3132.T,19.645733,0.07953,none
3133.T,21.830986,-3.7151902,none
3134.T,9.17367,0.056939997,strong_buy
3135.T,56.807983,0.06662,none
3137.T,38.253967,0.0,none
3138.T,47.161938,0.1972,none
3139.T,8.576389,0.14384,none
3140.T,33.218533,0.08687,none
3150.T,14.64141,0.29813,none
3148.T,13.245162,0.11638,none
3143.T,6.5017157,0.18195999,none
3151.T,7.390812,0.06159,none
3153.T,14.184077,0.17082001,none
3154.T,13.755746,0.06735,none
3156.T,16.666666,0.06717,none
3157.T,8.090404,0.10257,none
3159.T,6.844479,0.06316,none
3161.T,28.48909,0.01671,none
3160.T,74.06015,-0.0040700003,none
3166.T,17.95306,0.050479997,none
3167.T,15.015016,0.1168,none
3168.T,0.0,0.01831,none
3169.T,43.858433,0.31087,none
3172.T,13.774661,0.053829998,none
3173.T,0.0,0.022230001,none
3174.T,0.0,-1.62412,none
3175.T,28.59375,1.18175,none
3176.T,10.373391,0.10125,none
3177.T,7.1988597,0.07628,none
3179.T,20.661865,0.17553,none
3178.T,23.47608,0.09182999,none
3180.T,20.789686,0.12771,strong_buy
3181.T,10.941051,0.09928001,none
3182.T,23.076923,0.12880999,strong_buy
3183.T,16.891891,0.09134,none
3184.T,7.46826,0.12208,none
3185.T,0.0,-0.97900003,none
3187.T,46.296295,-0.13805,none
3186.T,22.17343,0.20729,buy
3189.T,0.0,0.23876,none
3190.T,13.680937,0.0,none
3191.T,13.333333,0.0,none
3192.T,6.743003,0.01991,none
3193.T,19.96008,0.20376,none
3195.T,21.550856,0.06102,none
3196.T,106.36842,0.045539998,none
3197.T,44.84445,0.0928,none
3198.T,42.375824,0.13358,none
3199.T,14.617973,0.08031999,none
3201.T,14.3473,0.07126,none
3202.T,78.26087,0.01589,none
3204.T,6.7892127,0.047659997,none
3205.T,0.0,-0.22732,none
3221.T,19.342785,0.16738,none
3222.T,62.027027,-0.01577,none
3223.T,14.946901,0.25028,none
3224.T,0.0,-0.04833,none
3231.T,14.18435,0.0758,buy
3232.T,9.359191,0.0,hold
3236.T,5.0506473,0.0,none
3237.T,0.0,-0.76568,none
3238.T,6.2587657,0.08144,none
3242.T,4.9066434,0.22992,none
3241.T,10.213653,0.12802,none
3245.T,9.099085,0.15099,none
3246.T,36.973835,0.0671,none
3248.T,10.277084,0.06573,none
3261.T,0.0,-0.0011,none
3252.T,9.839324,0.13866,buy
3266.T,10.229885,0.10435,none
3267.T,14.22408,0.12587,none
3271.T,12.136199,0.31281,none
3276.T,12.468525,0.19365999,none
3277.T,8.841482,0.09837,none
3284.T,9.597259,0.07085,none
3280.T,3.0211802,0.24531999,none
3286.T,22.779455,0.17423001,none
3288.T,11.792858,0.19297001,none
3289.T,9.514709,0.113120005,buy
3291.T,13.209719,0.054390002,none
3293.T,11.197691,0.073359996,none
3294.T,22.935997,0.13957,none
3297.T,10.627273,0.08089,none
3299.T,8.183358,0.19621,none
3300.T,9.852104,0.26504,none
3306.T,5.071072,0.03951,none
3302.T,20.325373,0.05387,none
3315.T,0.0,-0.32123002,none
3317.T,11.286584,0.12416001,none
3320.T,7.1683645,0.09661,none
3321.T,6.949361,0.13262,none
3323.T,88.34952,0.03916,none
3326.T,60.60337,0.29463,none
3329.T,24.270973,0.10144,none
3333.T,15.92291,0.05722,none
3349.T,16.72251,0.12172,buy
3350.T,0.0,-0.06422,none
3352.T,9.504491,0.07074,none
3353.T,8.5575075,0.08479,none
3358.T,425.0,-0.06098,none
3359.T,13.101604,0.10849,none
3355.T,9.677419,0.083579995,none
3360.T,15.698184,0.092180006,none
3361.T,13.407978,0.06959,none
3370.T,15.477458,0.4878,none
3371.T,13.532221,0.17249,none
3374.T,7.5700107,0.08274999,none
3372.T,9.277058,0.23929001,none
3375.T,7.022365,0.12933,none
3377.T,17.301037,0.0,none
3382.T,22.227524,0.085839994,buy
3386.T,21.88501,0.03424,none
3387.T,57.799545,0.12672,none
3388.T,8.71063,0.085489996,none
3391.T,33.47218,0.05613,hold
3392.T,10.060497,0.16504999,none
3393.T,14.124549,0.28564,none
3395.T,32.57441,0.08221,none
3396.T,17.285175,0.0184,none
3397.T,83.33652,0.04947,none
3399.T,24.096386,0.07913,strong_buy
3401.T,4.772835,-0.18936001,hold
3402.T,30.489712,0.02648,buy
3405.T,72.98044,0.00657,hold
3407.T,15.847285,0.0,buy
3409.T,0.0,-0.06816,none
3415.T,20.24075,0.21259001,strong_buy
3416.T,16.835966,0.077020004,none
3417.T,6.5876913,0.07596,none
3420.T,10.383882,0.04368,none
3421.T,16.07723,0.03925,none
3422.T,2.4419262,-0.07713,none
3418.T,26.523298,0.07453,strong_buy
3423.T,28.243511,0.01987,none
3426.T,13.946619,0.03618,none
3431.T,10.416792,0.08392999,none
3433.T,18.60976,0.14538,none
3434.T,0.0,0.01135,none
3435.T,9.851851,0.052789997,none
3436.T,39.59984,-0.01543,buy
3439.T,98.00285,0.0025,none
3437.T,11.013018,0.05152,none
3440.T,6.863505,0.06638,none
3441.T,7.770098,0.16372,none
3443.T,9.16615,0.07871,none
3446.T,129.8969,-0.01513,none
3444.T,16.947226,0.11562,none
3445.T,11.655145,0.08681,none
3447.T,10.560165,0.109230004,none
3448.T,333.33334,0.0,none
3450.T,1.8326043,0.0,none
3449.T,16.340101,0.12735,none
3452.T,6.357228,0.23423,none
3454.T,9.910994,0.06842,none
3457.T,17.122345,0.07298,none
3461.T,30.127142,0.10629,none
3469.T,52.353554,0.03339,none
3465.T,9.775263,0.21402,none
3467.T,7.9744763,0.24962,none
3474.T,17.444794,-0.19621,none
3475.T,32.89597,0.09907,none
3477.T,7.9743443,0.122320004,none
3479.T,26.38608,0.07858,none
3480.T,21.882198,0.15916,none
3482.T,6.6268773,0.27229,none
3483.T,4.3181868,0.0,none
3484.T,15.456705,0.33306998,none
3486.T,7.052152,0.3468,none
3489.T,7.5473466,0.44202998,none
3491.T,16.611877,0.0,none
3490.T,13.586805,0.0,none
3494.T,6.1382394,0.1034,none
3495.T,6.788772,0.09527001,none
3496.T,29.499012,0.0,none
3501.T,27.099014,0.04153,none
3512.T,38.765823,0.02375,none
3513.T,15.096882,0.045500003,none
3498.T,10.449286,0.26387,strong_buy
3521.T,25.714285,0.03317,none
3529.T,0.0,-0.056649998,none
3537.T,10.977233,0.05015,none
3524.T,8.7032385,0.05797,none
3536.T,18.219177,0.14682999,none
3538.T,6.3412547,0.13126999,none
3539.T,12.820939,0.13768,none
3543.T,21.458775,0.13278,buy
3541.T,1439.6227,-0.00792,none
3542.T,26.45479,0.25392,none
3544.T,21.975246,0.05485,none
3546.T,15.10552,0.07906,none
3547.T,24.329998,0.19926001,none
3548.T,0.0,-0.08575,none
3549.T,20.533947,0.1346,hold
3550.T,33.53204,-0.08412,none
3551.T,5.4200816,0.080340005,none
3553.T,43.480175,0.01119,none
3556.T,27.100271,0.65948,none
3557.T,172.41994,-0.16455999,none
3558.T,14.903757,-0.03956,none
3559.T,20.704107,0.096,none
3560.T,18.903103,0.11411,none
3561.T,22.155146,0.17531,none
3562.T,16.55602,0.12605,none
3563.T,46.948875,0.28351998,buy
3565.T,9.025321,0.39566,none
3566.T,13.889432,0.14335,none
3569.T,12.65798,0.109160006,none
3571.T,29.0256,0.01854,none
3577.T,9.689539,0.06421,none
3580.T,20.618008,0.02617,none
3583.T,5.737135,0.08557,none
3591.T,20.367075,0.055159997,none
3597.T,23.3647,0.03331,none
3593.T,227.27272,0.00296,none
3598.T,37.583893,0.00307,none
3600.T,0.0,-0.01107,none
3607.T,5.525026,0.13979,none
3608.T,4.6317105,0.19277,none
3611.T,9.1157255,0.06871,none
3622.T,24.572458,0.10378,none
3612.T,9.478535,0.13057,strong_buy
3623.T,16.610168,0.13859001,none
3624.T,0.0,0.0,none
3625.T,9.538784,0.17829001,none
3626.T,15.230601,0.1634,hold
3628.T,0.0,0.0,none
3632.T,44.496487,0.01535,none
3627.T,7.3945413,-0.038310003,none
3633.T,11.261261,0.3386,none
3634.T,0.0,-0.337,none
3635.T,14.601851,0.15953,buy
3636.T,12.16536,0.11314999,none
3639.T,0.0,-0.00588,none
3640.T,6.679985,0.29734,none
3641.T,84.04702,0.0058099995,none
3645.T,72.96651,0.03588,none
3646.T,0.0,-0.0376,none
3647.T,0.0,-0.36106,none
3648.T,10.1418495,0.14006,none
3649.T,16.666666,0.23066999,none
3652.T,25.566107,0.049590003,none
3653.T,0.0,-0.09731,none
3656.T,8.131579,-0.40401,none
3657.T,18.058823,-0.33376998,none
3659.T,24.449707,0.08557,buy
3661.T,20.242802,0.30561,none
3662.T,30.76445,0.07703,none
3660.T,22.679901,0.13946,none
3663.T,25.77544,0.27963,none
3664.T,0.0,-0.56823003,none
3665.T,46.958637,0.02861,none
3667.T,0.0,-1.3917799,none
3668.T,0.0,-0.0027,none
3670.T,7.4963274,0.0,none
3671.T,14.878457,0.15399,none
3673.T,75.762085,0.051269997,none
3672.T,0.0,-0.58423,none
3674.T,0.0,-0.09889,none
3675.T,9.216319,0.16091,none
3676.T,20.492588,0.06977,none
3678.T,11.115768,0.11943,none
3679.T,10.683544,0.19610001,none
3680.T,0.0,-0.36145002,none
3681.T,2.835821,0.0,none
3683.T,8.904347,0.09355,none
3686.T,7.5510206,0.29905,none
3682.T,18.14755,0.0100300005,none
3687.T,21.008123,0.26449,none
3690.T,7.1501274,-0.02656,none
3692.T,43.97927,0.4367,none
3694.T,17.922186,0.0028900001,none
3696.T,6.968802,0.1402,strong_buy
3695.T,39.52267,0.070539996,none
3691.T,550.0,-0.06927,none
3697.T,19.60507,0.22389,buy
3698.T,11.919543,0.08999,none
3708.T,14.757104,0.047420003,none
3710.T,13.4424305,0.04741,none
3712.T,15.337079,0.17175,none
3723.T,22.727272,0.12697,none
3719.T,36.22291,0.0,none
3726.T,0.0,-0.31639,none
3727.T,0.0,-0.05544,none
3733.T,9.775138,0.1456,none
3744.T,11.965349,0.18862,none
3741.T,21.692543,0.15503,none
3747.T,0.0,-0.01048,none
3750.T,0.0,-1.6092501,none
3753.T,0.0,-0.20548001,none
3760.T,0.0,-0.78676003,none
3762.T,15.923279,0.16163,strong_buy
3758.T,15.079835,0.041100003,none
3763.T,13.220914,0.28843,none
3765.T,99.01884,0.02814,none
3766.T,11.918974,0.083909996,none
3771.T,12.03348,0.20375,none
3772.T,111.11111,0.04877,none
3768.T,3.270073,0.21505,none
3769.T,30.196766,0.21246,buy
3773.T,11.65518,0.13268,none
3774.T,20.492455,0.15630001,strong_buy
3776.T,48.770493,-0.04804,none
3777.T,0.0,-0.00087,none
3778.T,77.75061,0.02639,buy
3779.T,3.9568348,-0.25386,none
3791.T,41.83901,0.0731,strong_buy
3787.T,0.0,0.0137,none
3788.T,23.922241,0.101739995,buy
3793.T,10.704961,-0.48630002,none
3796.T,164.02116,0.0339,none
3799.T,8.642923,0.12347999,none
3798.T,17.858364,0.17358999,none
3800.T,18.668344,0.07946,none
3802.T,25.323277,0.03621,none
3803.T,0.0,-1.25333,none
3807.T,0.0,-1.2918601,none
3804.T,17.82471,0.1353,none
3810.T,0.0,-0.49041998,none
3815.T,0.0,-0.69897,none
3816.T,16.862862,0.04948,none
3817.T,15.801058,0.11399999,none
3825.T,10.040706,-0.08094,none
3826.T,7.2039075,0.0,none
3823.T,0.0,-0.13235,none
3834.T,11.533028,0.09995,none
3835.T,16.183386,0.16430001,none
3836.T,14.451051,0.23725,none
3837.T,19.920319,0.20111999,none
3839.T,23.422743,0.03279,none
3840.T,0.0,-0.25252,none
3841.T,19.841816,0.04393,none
3842.T,11.02547,0.13333,none
3843.T,10.3306055,0.27856,strong_buy
3844.T,14.164967,0.17153,none
3845.T,0.0,-0.08405,none
3848.T,18.83437,0.0,none
3850.T,20.039907,0.15412,none
3851.T,0.0,-0.03627,none
3853.T,22.371529,0.17411,none
3854.T,15.314228,0.39629,strong_buy
3856.T,1.4581519,0.0,none
3858.T,0.0,-0.05633,none
3861.T,24.753908,0.025969999,buy
3863.T,8.4963045,0.02888,hold
3864.T,11.904762,-0.00107,none
3865.T,13.567912,0.04042,none
3877.T,33.55552,-0.01107,none
3878.T,15.871624,0.04081,none
3880.T,19.722326,0.02016,hold
3891.T,23.299856,0.091529995,none
3892.T,10.86943,0.05661,none
3895.T,5.0555754,0.09604,none
3896.T,0.0,-0.007850001,none
3900.T,8.651103,-0.05367,none
3901.T,13.422818,0.22972,none
3902.T,227.26047,0.08816,none
3903.T,5.966754,0.112040006,none
3904.T,10.183013,0.11411,none
3905.T,0.0,-0.087390006,none
3907.T,9.208422,0.04977,none
3909.T,7.541089,0.53895,none
3908.T,11.750762,0.09264,none
3910.T,276.57657,0.18833,none
3911.T,8.422862,0.19429001,none
3912.T,17.825443,0.15043001,none
3914.T,42.555202,0.12826,none
3913.T,12.034286,0.15736,none
3915.T,20.283306,0.1267,none
3916.T,12.657371,0.27299,none
3917.T,5.864958,-0.04874,none
3918.T,12.771904,0.0,none
3920.T,13.386465,0.08844,none
3921.T,12.422601,0.12353,none
3922.T,17.211971,0.27369,none
3923.T,26.877323,0.51668,buy
3925.T,12.787514,0.21395001,none
3926.T,50.32787,-0.29681,none
3927.T,14.62027,0.23900999,none
3928.T,10.526316,0.1542,none
3929.T,20.654911,0.11572,none
3930.T,22.172043,0.04889,none
3931.T,15.172996,-0.00638,none
3932.T,19.646433,0.090579994,none
3934.T,11.71516,0.11776,none
3933.T,9.847597,0.20952,none
3935.T,13.280061,-0.69077003,none
3936.T,56.950672,-0.60668,none
3937.T,11.876543,0.16533001,none
3940.T,15.062287,0.118999995,none
3939.T,22.46903,0.27003,none
3943.T,13.477619,0.03232,none
3941.T,15.104961,0.06878,strong_buy
3944.T,8.278088,0.0584,none
3945.T,3.6042545,0.16635,none
3946.T,7.7220078,0.080649994,none
3947.T,7.5470524,0.068280004,none
3948.T,42.96537,0.01607,none
3950.T,12.853542,0.07954,none
3953.T,0.0,-0.01316,none
3951.T,13.410316,0.04196,none
3954.T,11.376607,0.050100002,none
3955.T,8.243924,0.05134,none
3958.T,13.173792,0.02542,none
3962.T,9.533287,0.29529,none
3963.T,26.099882,0.0,none
3964.T,19.568567,0.22961001,none
3965.T,12.165833,0.12814,none
3967.T,0.0,-0.34704,none
3968.T,14.243484,0.32437,none
3969.T,15.005371,0.14345,none
3970.T,39.51965,-0.06397,none
3974.T,14.181319,0.06774,none
3976.T,0.0,0.0,none
3979.T,14.771784,0.21598,none
3981.T,10.571171,0.08785,none
3983.T,16.367266,0.18367,none
3984.T,14.513154,0.19016,none
3985.T,28.966522,0.11773,none
3987.T,0.0,-0.0093,none
3986.T,26.182003,0.052449998,none
3988.T,14.04333,0.1084,none
3989.T,20.91923,0.0,none
3991.T,9.881631,0.24302,none
3993.T,33.668633,0.0,none
3992.T,20.23911,0.21145001,none
3994.T,135.15407,0.043390002,hold
3996.T,18.971333,0.053579997,none
3997.T,255.62914,0.03556,none
3998.T,5.3010035,-0.00358,none
4004.T,81.3003,0.04374,none
4005.T,10.362655,0.12083,buy
4008.T,13.908021,0.040710002,none
4011.T,172.46585,0.057189997,none
4012.T,10.706522,0.16827999,none
4013.T,13.029126,0.103269994,none
4014.T,31.259483,0.20489,none
4015.T,52.364864,0.029509999,none
4016.T,20.141115,0.13574,none
4019.T,28.516787,0.14439,none
4017.T,16.341288,0.03765,none
4021.T,19.174997,0.19723,none
4020.T,0.0,-0.12154,none
4022.T,15.083279,0.15564999,none
4023.T,21.00862,0.050380003,none
4025.T,11.497649,0.080970004,none
4026.T,11.17405,0.096420005,strong_buy
4027.T,21.977142,0.02624,none
4028.T,8.210218,0.14339,none
4031.T,0.0,-0.03565,none
4040.T,6.4266834,0.27906,none
4041.T,13.244916,0.077259995,none
4042.T,18.832243,0.0,hold
4043.T,11.668474,0.091230005,buy
4044.T,21.02309,0.04385,none
4045.T,15.267567,0.059770003,none
4046.T,19.492575,0.10943,strong_buy
4047.T,47.245506,0.046329997,strong_buy
4051.T,29.154814,0.28167,strong_buy
4052.T,24.959349,-0.082550004,none
4053.T,36.77686,0.04543,strong_buy
4054.T,17.062445,0.0,none
4056.T,0.7728337,-0.08682,none
4055.T,22.075783,0.0,none
4057.T,18.486998,0.07328,none
4058.T,18.180904,0.30663002,none
4059.T,96.17706,0.01802,none
4060.T,26.809525,0.15468,none
4062.T,82.645325,0.07564,buy
4061.T,20.548168,-0.05479,none
4063.T,25.18874,0.11484,buy
4064.T,8.952583,0.07716,none
4068.T,29.672447,0.055999998,none
4069.T,34.247375,0.04783,none
4072.T,11.061898,0.123459995,none
4071.T,26.808348,0.27903,buy
4074.T,18.418392,0.07797,none
4075.T,38.913456,0.11757,none
4073.T,0.0,-0.96629,none
4076.T,9.285136,0.13958,none
4078.T,10.620233,0.05493,none
4091.T,23.752882,0.10508,hold
4082.T,40.15897,0.02641,none
4092.T,11.534145,0.043420002,none
4088.T,48.310883,0.016619999,buy
4093.T,14.18239,0.06696,none
4094.T,20.491533,0.05292,none
4095.T,13.227325,0.06325,none
4097.T,12.345679,0.053200003,none
4098.T,35.38961,0.09889,none
4099.T,26.385225,0.09482,none
4102.T,18.976065,0.02211,none
4100.T,2.6434007,-0.23154,none
4107.T,40.0973,0.17181998,none
4109.T,20.454453,0.05662,none
4112.T,19.762678,0.05903,none
4113.T,7.278098,0.09206,none
4114.T,21.276796,0.04674,none
4116.T,12.593943,0.053839996,none
4118.T,12.180397,0.05547,hold
4119.T,0.0,-0.04125,none
4120.T,6.289273,0.022909999,none
4124.T,0.0,0.04378,none
4125.T,18.083553,0.06413,none
4151.T,20.449404,0.076869994,hold
4165.T,22.923712,0.22508,none
4166.T,0.0,-0.17862,none
4167.T,17.415731,-0.15001,none
4168.T,9.93997,0.35749,none
4169.T,10.236486,-0.5276,none
4170.T,100.58479,0.00977,none
4171.T,17.035994,0.093,none
4174.T,104.06091,-0.21871,none
4175.T,75.18248,0.01349,none
4172.T,11.834319,0.10939,none
4176.T,22.413794,0.0825,none
4177.T,10.548212,0.3032,none
4178.T,90.14778,0.014400001,none
4179.T,0.0,-0.71055,none
4180.T,36.363636,0.07159,hold
4182.T,14.969605,-0.01591,buy
4183.T,41.495815,0.0298,buy
4186.T,31.34822,0.05544,buy
4187.T,11.342716,0.14529,buy
4188.T,37.73041,0.03679,hold
4189.T,13.422912,0.11003,none
4192.T,22.96,-0.00641,none
4193.T,37.469376,0.065,none
4194.T,17.451954,0.26342,none
4196.T,135.15038,0.05552,none
4197.T,13.908019,0.0,none
4198.T,831.8182,0.01435,none
4199.T,0.0,0.0,none
4202.T,9.267827,0.10627,hold
4203.T,23.14848,0.08133,none
4204.T,15.797988,0.0,none
4205.T,10.060241,0.09689,buy
4206.T,14.472045,0.10466,none
4208.T,41.66526,0.08762,buy
4212.T,18.383068,0.04504,none
4216.T,16.154955,0.07391,none
4218.T,21.404379,0.03593,none
4220.T,11.248658,0.13674,none
4221.T,14.492754,0.06099,none
4222.T,0.7648772,1.33781,none
4224.T,48.539,0.01198,none
4229.T,18.248302,0.04603,none
4228.T,7.3786407,-0.16943,none
4231.T,5.326766,0.095410004,none
4234.T,14.315392,0.01689,none
4235.T,18.97507,0.36705002,none
4237.T,55.266758,0.0005,none
4238.T,17.355001,0.02665,none
4241.T,31.244404,0.07443,none
4240.T,11.522262,0.120179996,none
4242.T,0.0,-0.12177,none
4245.T,20.574713,0.04829,none
4243.T,9.9700775,0.04918,none
4246.T,8.62103,0.10488,none
4247.T,18.97495,0.03663,none
4248.T,13.967357,0.064899996,none
4251.T,10.090917,0.09688,none
4255.T,24.77042,0.38926,none
4249.T,0.0,-0.09842,none
4256.T,48.067738,0.061869998,none
4258.T,33.55591,0.30264,none
4259.T,214.6875,-0.31689,none
4261.T,19.305414,0.1586,none
4260.T,166.87898,-0.0108,none
4262.T,12.406816,0.1234,none
4263.T,57.454544,-0.060539998,none
4264.T,53.764076,0.0889,none
4272.T,0.0,0.0,none
4270.T,0.0,0.0,none
4274.T,0.0,0.0,none
4265.T,0.0,0.0,none
4275.T,0.0,0.0,none
4284.T,0.0,0.0,none
4286.T,0.0,0.0,none
4287.T,0.0,0.0,none
4288.T,0.0,0.0,none
4290.T,0.0,0.0,none
4293.T,0.0,0.0,none
4299.T,0.0,0.0,none
4301.T,0.0,0.0,none
4307.T,0.0,0.0,none
4308.T,0.0,0.0,none
4310.T,0.0,0.0,none
4317.T,0.0,0.0,none
4316.T,0.0,0.0,none
4318.T,0.0,0.0,none
4320.T,0.0,0.0,none
4323.T,0.0,0.0,none
4324.T,0.0,0.0,none
4326.T,0.0,0.0,none
4331.T,0.0,0.0,none
4334.T,0.0,0.0,none
4337.T,0.0,0.0,none
4335.T,0.0,0.0,none
4341.T,0.0,0.0,none
4343.T,0.0,0.0,none
4344.T,0.0,0.0,none
4345.T,0.0,0.0,none
4346.T,0.0,0.0,none
4347.T,0.0,0.0,none
4350.T,0.0,0.0,none
4351.T,0.0,0.0,none
4356.T,0.0,0.0,none
4360.T,0.0,0.0,none
4361.T,0.0,0.0,none
4362.T,0.0,0.0,none
4365.T,0.0,0.0,none
4366.T,0.0,0.0,none
4367.T,0.0,0.0,none
4368.T,0.0,0.0,none
4369.T,0.0,0.0,none
4370.T,0.0,0.0,none
4371.T,0.0,0.0,none
4372.T,0.0,0.0,none
4373.T,0.0,0.0,none
4374.T,0.0,0.0,none
4375.T,0.0,0.0,none
4376.T,0.0,0.0,none
4377.T,0.0,0.0,none
4378.T,0.0,0.0,none
4379.T,0.0,0.0,none
4380.T,0.0,0.0,none
4381.T,0.0,0.0,none
4382.T,0.0,0.0,none
4384.T,0.0,0.0,none
4385.T,0.0,0.0,none
4386.T,0.0,0.0,none
4387.T,0.0,0.0,none
4388.T,0.0,0.0,none
4389.T,0.0,0.0,none
4390.T,0.0,0.0,none
4391.T,0.0,0.0,none
4392.T,0.0,0.0,none
4393.T,0.0,0.0,none
4394.T,0.0,0.0,none
4395.T,0.0,0.0,none
4396.T,0.0,0.0,none
4397.T,0.0,0.0,none
4398.T,0.0,0.0,none
4401.T,0.0,0.0,none
4403.T,0.0,0.0,none
4404.T,0.0,0.0,none
4406.T,0.0,0.0,none
4409.T,0.0,0.0,none
4410.T,0.0,0.0,none
4412.T,0.0,0.0,none
4413.T,0.0,0.0,none
4414.T,0.0,0.0,none
4415.T,0.0,0.0,none
4416.T,0.0,0.0,none
4418.T,0.0,0.0,none
4417.T,0.0,0.0,none
4419.T,0.0,0.0,none
4420.T,0.0,0.0,none
4421.T,0.0,0.0,none
4422.T,0.0,0.0,none
4424.T,0.0,0.0,none
4425.T,0.0,0.0,none
4426.T,0.0,0.0,none
4427.T,0.0,0.0,none
4428.T,0.0,0.0,none
4429.T,0.0,0.0,none
4430.T,0.0,0.0,none
4431.T,0.0,0.0,none
4432.T,0.0,0.0,none
4433.T,0.0,0.0,none
4434.T,0.0,0.0,none
4436.T,0.0,0.0,none
4437.T,0.0,0.0,none
4438.T,0.0,0.0,none
4439.T,0.0,0.0,none
4440.T,0.0,0.0,none
4441.T,0.0,0.0,none
4442.T,0.0,0.0,none
4443.T,0.0,0.0,none
4444.T,0.0,0.0,none
4445.T,0.0,0.0,none
4446.T,0.0,0.0,none
4447.T,0.0,0.0,none
4448.T,0.0,0.0,none
4449.T,0.0,0.0,none
4450.T,0.0,0.0,none
4452.T,0.0,0.0,none
4461.T,0.0,0.0,none
4462.T,0.0,0.0,none
4463.T,0.0,0.0,none
4465.T,0.0,0.0,none
4464.T,0.0,0.0,none
4471.T,0.0,0.0,none
4475.T,0.0,0.0,none
4477.T,0.0,0.0,none
4476.T,0.0,0.0,none
4479.T,0.0,0.0,none
4478.T,0.0,0.0,none
4480.T,0.0,0.0,none
4483.T,0.0,0.0,none
4484.T,0.0,0.0,none
4481.T,0.0,0.0,none
4482.T,0.0,0.0,none
4486.T,0.0,0.0,none
4487.T,0.0,0.0,none
4490.T,0.0,0.0,none
4488.T,0.0,0.0,none
4491.T,0.0,0.0,none
4492.T,0.0,0.0,none
4496.T,0.0,0.0,none
4493.T,0.0,0.0,none
4495.T,0.0,0.0,none
4494.T,0.0,0.0,none
4498.T,0.0,0.0,none
4502.T,0.0,0.0,none
4503.T,0.0,0.0,none
4499.T,0.0,0.0,none
4506.T,0.0,0.0,none
4507.T,0.0,0.0,none
4512.T,0.0,0.0,none
4519.T,0.0,0.0,none
4516.T,0.0,0.0,none
4521.T,0.0,0.0,none
4523.T,0.0,0.0,none
4524.T,0.0,0.0,none
4526.T,0.0,0.0,none
4527.T,0.0,0.0,none
4528.T,0.0,0.0,none
4530.T,0.0,0.0,none
4531.T,0.0,0.0,none
4534.T,0.0,0.0,none
4538.T,0.0,0.0,none
4536.T,0.0,0.0,none
4539.T,0.0,0.0,none
4540.T,0.0,0.0,none
4543.T,0.0,0.0,none
4544.T,0.0,0.0,none
4548.T,0.0,0.0,none
4547.T,0.0,0.0,none
4549.T,0.0,0.0,none
4552.T,0.0,0.0,none
4553.T,0.0,0.0,none
4556.T,0.0,0.0,none
4554.T,0.0,0.0,none
4558.T,0.0,0.0,none
4559.T,0.0,0.0,none
4563.T,0.0,0.0,none
4564.T,0.0,0.0,none
4565.T,0.0,0.0,none
4568.T,0.0,0.0,none
4569.T,0.0,0.0,none
4570.T,0.0,0.0,none
4572.T,0.0,0.0,none
4571.T,0.0,0.0,none
4574.T,0.0,0.0,none
4575.T,0.0,0.0,none
4576.T,0.0,0.0,none
4578.T,0.0,0.0,none
4577.T,0.0,0.0,none
4582.T,0.0,0.0,none
4579.T,0.0,0.0,none
4583.T,0.0,0.0,none
4584.T,0.0,0.0,none
4586.T,0.0,0.0,none
4587.T,0.0,0.0,none
4591.T,0.0,0.0,none
4588.T,0.0,0.0,none
4592.T,0.0,0.0,none
4595.T,0.0,0.0,none
4593.T,0.0,0.0,none
4594.T,0.0,0.0,none
4596.T,0.0,0.0,none
4597.T,0.0,0.0,none
4598.T,0.0,0.0,none
4599.T,0.0,0.0,none
4611.T,0.0,0.0,none
4612.T,0.0,0.0,none
4613.T,0.0,0.0,none
4615.T,0.0,0.0,none
4616.T,0.0,0.0,none
4617.T,0.0,0.0,none
4619.T,0.0,0.0,none
4620.T,0.0,0.0,none
4623.T,0.0,0.0,none
4625.T,0.0,0.0,none
4624.T,0.0,0.0,none
4626.T,0.0,0.0,none
4627.T,0.0,0.0,none
4628.T,0.0,0.0,none
4629.T,0.0,0.0,none
4633.T,0.0,0.0,none
4631.T,0.0,0.0,none
4634.T,0.0,0.0,none
4635.T,0.0,0.0,none
4641.T,0.0,0.0,none
4644.T,0.0,0.0,none
4642.T,0.0,0.0,none
4645.T,0.0,0.0,none
4650.T,0.0,0.0,none
4651.T,0.0,0.0,none
4658.T,0.0,0.0,none
4657.T,0.0,0.0,none
4659.T,0.0,0.0,none
4661.T,0.0,0.0,none
4662.T,0.0,0.0,none
4664.T,0.0,0.0,none
4665.T,0.0,0.0,none
4666.T,0.0,0.0,none
4667.T,0.0,0.0,none
4668.T,0.0,0.0,none
4671.T,0.0,0.0,none
4673.T,0.0,0.0,none
4674.T,0.0,0.0,none
4676.T,0.0,0.0,none
4679.T,0.0,0.0,none
4678.T,0.0,0.0,none
4680.T,0.0,0.0,none
4681.T,0.0,0.0,none
4684.T,0.0,0.0,none
4686.T,0.0,0.0,none
4685.T,0.0,0.0,none
4687.T,0.0,0.0,none
4689.T,0.0,0.0,none
4690.T,0.0,0.0,none
4691.T,0.0,0.0,none
4694.T,0.0,0.0,none
4704.T,0.0,0.0,none
4705.T,0.0,0.0,none
4707.T,0.0,0.0,none
4709.T,0.0,0.0,none
4712.T,0.0,0.0,none
4714.T,0.0,0.0,none
4716.T,0.0,0.0,none
4720.T,0.0,0.0,none
4719.T,0.0,0.0,none
4718.T,0.0,0.0,none
4722.T,0.0,0.0,none
4725.T,0.0,0.0,none
4733.T,0.0,0.0,none
4728.T,0.0,0.0,none
4732.T,0.0,0.0,none
4735.T,0.0,0.0,none
4736.T,0.0,0.0,none
4743.T,0.0,0.0,none
4746.T,0.0,0.0,none
4750.T,0.0,0.0,none
4751.T,0.0,0.0,none
4752.T,0.0,0.0,none
4754.T,0.0,0.0,none
4755.T,0.0,0.0,none
4760.T,0.0,0.0,none
4762.T,0.0,0.0,none
4761.T,0.0,0.0,none
4763.T,0.0,0.0,none
4765.T,0.0,0.0,none
4766.T,0.0,0.0,none
4767.T,0.0,0.0,none
4768.T,0.0,0.0,none
4771.T,0.0,0.0,none
4769.T,0.0,0.0,none
4772.T,0.0,0.0,none
4776.T,0.0,0.0,none
4783.T,0.0,0.0,none
4777.T,0.0,0.0,none
4784.T,0.0,0.0,none
4792.T,0.0,0.0,none
4800.T,0.0,0.0,none
4801.T,0.0,0.0,none
4811.T,0.0,0.0,none
4812.T,0.0,0.0,none
4809.T,0.0,0.0,none
4813.T,0.0,0.0,none
4814.T,0.0,0.0,none
4816.T,0.0,0.0,none
4819.T,0.0,0.0,none
4820.T,0.0,0.0,none
4825.T,0.0,0.0,none
4826.T,0.0,0.0,none
4828.T,0.0,0.0,none
4829.T,0.0,0.0,none
4832.T,0.0,0.0,none
4833.T,0.0,0.0,none
4838.T,0.0,0.0,none
4839.T,0.0,0.0,none
4840.T,0.0,0.0,none
4845.T,0.0,0.0,none
4847.T,0.0,0.0,none
4848.T,0.0,0.0,none
4875.T,0.0,0.0,none
4849.T,0.0,0.0,none
4880.T,0.0,0.0,none
4881.T,0.0,0.0,none
4882.T,0.0,0.0,none
4883.T,0.0,0.0,none
4884.T,0.0,0.0,none
4885.T,0.0,0.0,none
4887.T,0.0,0.0,none
4886.T,0.0,0.0,none
4888.T,0.0,0.0,none
4889.T,0.0,0.0,none
4890.T,0.0,0.0,none
4892.T,0.0,0.0,none
4891.T,0.0,0.0,none
4893.T,0.0,0.0,none
4894.T,0.0,0.0,none
4901.T,0.0,0.0,none
4896.T,0.0,0.0,none
4902.T,0.0,0.0,none
4911.T,0.0,0.0,none
4912.T,0.0,0.0,none
4914.T,0.0,0.0,none
4917.T,0.0,0.0,none
4918.T,0.0,0.0,none
4919.T,0.0,0.0,none
4920.T,0.0,0.0,none
4925.T,0.0,0.0,none
4922.T,0.0,0.0,none
4923.T,0.0,0.0,none
4927.T,0.0,0.0,none
4926.T,0.0,0.0,none
4928.T,0.0,0.0,none
4931.T,0.0,0.0,none
4929.T,0.0,0.0,none
4932.T,0.0,0.0,none
4933.T,0.0,0.0,none
4934.T,0.0,0.0,none
4935.T,0.0,0.0,none
4936.T,0.0,0.0,none
4937.T,0.0,0.0,none
4951.T,0.0,0.0,none
4956.T,0.0,0.0,none
4958.T,0.0,0.0,none
4960.T,0.0,0.0,none
4966.T,0.0,0.0,none
4967.T,0.0,0.0,none
4968.T,0.0,0.0,none
4970.T,0.0,0.0,none
4971.T,0.0,0.0,none
4972.T,0.0,0.0,none
4973.T,0.0,0.0,none
4974.T,0.0,0.0,none
4975.T,0.0,0.0,none
4977.T,0.0,0.0,none
4976.T,0.0,0.0,none
4978.T,0.0,0.0,none
4979.T,0.0,0.0,none
4980.T,0.0,0.0,none
4985.T,0.0,0.0,none
4994.T,0.0,0.0,none
4996.T,0.0,0.0,none
4992.T,0.0,0.0,none
4990.T,0.0,0.0,none
4997.T,0.0,0.0,none
4998.T,0.0,0.0,none
5011.T,0.0,0.0,none
5013.T,0.0,0.0,none
5010.T,0.0,0.0,none
5015.T,0.0,0.0,none
5016.T,0.0,0.0,none
5018.T,0.0,0.0,none
5021.T,0.0,0.0,none
5019.T,0.0,0.0,none
5020.T,0.0,0.0,none
5026.T,0.0,0.0,none
5025.T,0.0,0.0,none
5027.T,0.0,0.0,none
5028.T,0.0,0.0,none
5022.T,0.0,0.0,none
5029.T,0.0,0.0,none
5031.T,0.0,0.0,none
5032.T,0.0,0.0,none
5034.T,0.0,0.0,none
5033.T,0.0,0.0,none
5036.T,0.0,0.0,none
5035.T,0.0,0.0,none
5037.T,0.0,0.0,none
5038.T,0.0,0.0,none
5071.T,0.0,0.0,none
5072.T,0.0,0.0,none
5076.T,0.0,0.0,none
5074.T,0.0,0.0,none
5077.T,0.0,0.0,none
5078.T,0.0,0.0,none
5101.T,0.0,0.0,none
5079.T,0.0,0.0,none
5105.T,0.0,0.0,none
5103.T,0.0,0.0,none
5108.T,0.0,0.0,none
5110.T,0.0,0.0,none
5121.T,0.0,0.0,none
5125.T,0.0,0.0,none
5122.T,0.0,0.0,none
5126.T,0.0,0.0,none
5129.T,0.0,0.0,none
5132.T,0.0,0.0,none
5130.T,0.0,0.0,none
5131.T,0.0,0.0,none
5134.T,0.0,0.0,none
5133.T,0.0,0.0,none
5136.T,0.0,0.0,none
5138.T,0.0,0.0,none
5135.T,0.0,0.0,none
5137.T,0.0,0.0,none
5139.T,0.0,0.0,none
5142.T,0.0,0.0,none
5161.T,0.0,0.0,none
5184.T,0.0,0.0,none
5162.T,0.0,0.0,none
5185.T,0.0,0.0,none
5186.T,0.0,0.0,none
5187.T,0.0,0.0,none
5194.T,0.0,0.0,none
5192.T,0.0,0.0,none
5195.T,0.0,0.0,none
5189.T,0.0,0.0,none
5199.T,0.0,0.0,none
5208.T,0.0,0.0,none
5202.T,0.0,0.0,none
5201.T,0.0,0.0,none
5204.T,0.0,0.0,none
5210.T,0.0,0.0,none
5214.T,0.0,0.0,none
5216.T,0.0,0.0,none
5232.T,0.0,0.0,none
5233.T,0.0,0.0,none
5218.T,0.0,0.0,none
5237.T,0.0,0.0,none
5240.T,0.0,0.0,none
5242.T,0.0,0.0,none
5243.T,0.0,0.0,none
5244.T,0.0,0.0,none
5246.T,0.0,0.0,none
5247.T,0.0,0.0,none
5248.T,0.0,0.0,none
5250.T,0.0,0.0,none
5249.T,0.0,0.0,none
5251.T,0.0,0.0,none
5253.T,0.0,0.0,none
5252.T,0.0,0.0,none
5254.T,0.0,0.0,none
5255.T,0.0,0.0,none
5256.T,0.0,0.0,none
5258.T,0.0,0.0,none
5257.T,0.0,0.0,none
5259.T,0.0,0.0,none
5261.T,0.0,0.0,none
5271.T,0.0,0.0,none
5268.T,0.0,0.0,none
5269.T,0.0,0.0,none
5262.T,0.0,0.0,none
5273.T,0.0,0.0,none
5282.T,0.0,0.0,none
5280.T,0.0,0.0,none
5279.T,0.0,0.0,none
5283.T,0.0,0.0,none
5284.T,0.0,0.0,none
5290.T,0.0,0.0,none
5285.T,0.0,0.0,none
5288.T,0.0,0.0,none
5287.T,0.0,0.0,none
5301.T,0.0,0.0,none
5331.T,0.0,0.0,none
5310.T,0.0,0.0,none
5304.T,0.0,0.0,none
5302.T,0.0,0.0,none
5332.T,0.0,0.0,none
5333.T,0.0,0.0,none
5341.T,0.0,0.0,none
5334.T,0.0,0.0,none
5337.T,0.0,0.0,none
5344.T,0.0,0.0,none
5351.T,0.0,0.0,none
5355.T,0.0,0.0,none
5357.T,0.0,0.0,none
5356.T,0.0,0.0,none
5367.T,0.0,0.0,none
5363.T,0.0,0.0,none
5368.T,0.0,0.0,none
5380.T,0.0,0.0,none
5381.T,0.0,0.0,none
5384.T,0.0,0.0,none
5388.T,0.0,0.0,none
5393.T,0.0,0.0,none
5391.T,0.0,0.0,none
5401.T,0.0,0.0,none
5406.T,0.0,0.0,none
5408.T,0.0,0.0,none
5410.T,0.0,0.0,none
5411.T,0.0,0.0,none
5423.T,0.0,0.0,none
5440.T,0.0,0.0,none
5444.T,0.0,0.0,none
5445.T,0.0,0.0,none
5446.T,0.0,0.0,none
5449.T,0.0,0.0,none
5451.T,0.0,0.0,none
5458.T,0.0,0.0,none
5463.T,0.0,0.0,none
5461.T,0.0,0.0,none
5464.T,0.0,0.0,none
5471.T,0.0,0.0,none
5484.T,0.0,0.0,none
5480.T,0.0,0.0,none
5482.T,0.0,0.0,none
5525.T,0.0,0.0,none
5491.T,0.0,0.0,none
5527.T,0.0,0.0,none
5528.T,0.0,0.0,none
5531.T,0.0,0.0,none
5534.T,0.0,0.0,none
5533.T,0.0,0.0,none
5532.T,0.0,0.0,none
5535.T,0.0,0.0,none
5536.T,0.0,0.0,none
5542.T,0.0,0.0,none
5541.T,0.0,0.0,none
5537.T,0.0,0.0,none
5563.T,0.0,0.0,none
5570.T,0.0,0.0,none
5573.T,0.0,0.0,none
5572.T,0.0,0.0,none
5571.T,0.0,0.0,none
5574.T,0.0,0.0,none
5575.T,0.0,0.0,none
5578.T,0.0,0.0,none
5580.T,0.0,0.0,none
5576.T,0.0,0.0,none
5581.T,0.0,0.0,none
5582.T,0.0,0.0,none
5584.T,0.0,0.0,none
5586.T,0.0,0.0,none
5587.T,0.0,0.0,none
5588.T,0.0,0.0,none
5589.T,0.0,0.0,none
5590.T,0.0,0.0,none
5591.T,0.0,0.0,none
5592.T,0.0,0.0,none
5594.T,0.0,0.0,none
5597.T,0.0,0.0,none
5599.T,0.0,0.0,none
5598.T,0.0,0.0,none
5602.T,0.0,0.0,none
5603.T,0.0,0.0,none
5609.T,0.0,0.0,none
5612.T,0.0,0.0,none
5616.T,0.0,0.0,none
5617.T,0.0,0.0,none
5618.T,0.0,0.0,none
5619.T,0.0,0.0,none
5620.T,0.0,0.0,none
5621.T,0.0,0.0,none
5622.T,0.0,0.0,none
5632.T,0.0,0.0,none
5631.T,0.0,0.0,none
5644.T,0.0,0.0,none
5659.T,0.0,0.0,none
5658.T,0.0,0.0,none
5660.T,0.0,0.0,none
5695.T,0.0,0.0,none
5698.T,0.0,0.0,none
5699.T,0.0,0.0,none
5697.T,0.0,0.0,none
5702.T,0.0,0.0,none
5703.T,0.0,0.0,none
5704.T,0.0,0.0,none
5706.T,0.0,0.0,none
5707.T,0.0,0.0,none
5711.T,0.0,0.0,none
5713.T,0.0,0.0,none
5714.T,0.0,0.0,none
5715.T,0.0,0.0,none
5721.T,0.0,0.0,none
5724.T,0.0,0.0,none
5726.T,0.0,0.0,none
5741.T,0.0,0.0,none
5727.T,0.0,0.0,none
5729.T,0.0,0.0,none
5753.T,0.0,0.0,none
5742.T,0.0,0.0,none
5757.T,0.0,0.0,none
5805.T,0.0,0.0,none
5803.T,0.0,0.0,none
5802.T,0.0,0.0,none
5801.T,0.0,0.0,none
5816.T,0.0,0.0,none
5817.T,0.0,0.0,none
5819.T,0.0,0.0,none
5821.T,0.0,0.0,none
5820.T,0.0,0.0,none
5830.T,0.0,0.0,none
5831.T,0.0,0.0,none
5832.T,0.0,0.0,none
5834.T,0.0,0.0,none
5838.T,0.0,0.0,none
5840.T,0.0,0.0,none
5842.T,0.0,0.0,none
5843.T,0.0,0.0,none
5844.T,0.0,0.0,none
5845.T,0.0,0.0,none
5851.T,0.0,0.0,none
5857.T,0.0,0.0,none
5858.T,0.0,0.0,none
5856.T,0.0,0.0,none
5852.T,0.0,0.0,none
5866.T,0.0,0.0,none
5867.T,0.0,0.0,none
5869.T,0.0,0.0,none
5870.T,0.0,0.0,none
5868.T,0.0,0.0,none
5871.T,0.0,0.0,none
5884.T,0.0,0.0,none
5883.T,0.0,0.0,none
5885.T,0.0,0.0,none
5886.T,0.0,0.0,none
5887.T,0.0,0.0,none
5888.T,0.0,0.0,none
5889.T,0.0,0.0,none
5890.T,0.0,0.0,none
5891.T,0.0,0.0,none
5892.T,0.0,0.0,none
5893.T,0.0,0.0,none
5900.T,0.0,0.0,none
5901.T,0.0,0.0,none
5902.T,0.0,0.0,none
5903.T,0.0,0.0,none
5905.T,0.0,0.0,none
5911.T,0.0,0.0,none
5906.T,0.0,0.0,none
5909.T,0.0,0.0,none
5915.T,0.0,0.0,none
5918.T,0.0,0.0,none
5923.T,0.0,0.0,none
5922.T,0.0,0.0,none
5921.T,0.0,0.0,none
5928.T,0.0,0.0,none
5929.T,0.0,0.0,none
5930.T,0.0,0.0,none
5932.T,0.0,0.0,none
5936.T,0.0,0.0,none
5933.T,0.0,0.0,none
5940.T,0.0,0.0,none
5939.T,0.0,0.0,none
5938.T,0.0,0.0,none
5941.T,0.0,0.0,none
5942.T,0.0,0.0,none
5943.T,0.0,0.0,none
5946.T,0.0,0.0,none
5945.T,0.0,0.0,none
5947.T,0.0,0.0,none
5949.T,0.0,0.0,none
5950.T,0.0,0.0,none
5951.T,0.0,0.0,none
5952.T,0.0,0.0,none
5955.T,0.0,0.0,none
5956.T,0.0,0.0,none
5957.T,0.0,0.0,none
5959.T,0.0,0.0,none
5958.T,0.0,0.0,none
5962.T,0.0,0.0,none
5965.T,0.0,0.0,none
5966.T,0.0,0.0,none
5967.T,0.0,0.0,none
5969.T,0.0,0.0,none
5970.T,0.0,0.0,none
5971.T,0.0,0.0,none
5973.T,0.0,0.0,none
5974.T,0.0,0.0,none
5975.T,0.0,0.0,none
5976.T,0.0,0.0,none
5981.T,0.0,0.0,none
5982.T,0.0,0.0,none
5983.T,0.0,0.0,none
5984.T,0.0,0.0,none
5985.T,0.0,0.0,none
5986.T,0.0,0.0,none
5987.T,0.0,0.0,none
5988.T,0.0,0.0,none
5989.T,0.0,0.0,none
5991.T,0.0,0.0,none
5992.T,0.0,0.0,none
5994.T,0.0,0.0,none
5997.T,0.0,0.0,none
5990.T,0.0,0.0,none
5998.T,0.0,0.0,none
6005.T,0.0,0.0,none
6013.T,0.0,0.0,none
6016.T,0.0,0.0,none
6018.T,0.0,0.0,none
6023.T,0.0,0.0,none
6022.T,0.0,0.0,none
6027.T,0.0,0.0,none
6029.T,0.0,0.0,none
6030.T,0.0,0.0,none
6031.T,0.0,0.0,none
6033.T,0.0,0.0,none
6034.T,0.0,0.0,none
6035.T,0.0,0.0,none
6036.T,0.0,0.0,none
6039.T,0.0,0.0,none
6038.T,0.0,0.0,none
6037.T,0.0,0.0,none
6040.T,0.0,0.0,none
6042.T,0.0,0.0,none
6044.T,0.0,0.0,none
6046.T,0.0,0.0,none
6045.T,0.0,0.0,none
6047.T,0.0,0.0,none
6049.T,0.0,0.0,none
6050.T,0.0,0.0,none
6054.T,0.0,0.0,none
6055.T,0.0,0.0,none
6058.T,0.0,0.0,none
6061.T,0.0,0.0,none
6059.T,0.0,0.0,none
6062.T,0.0,0.0,none
6063.T,0.0,0.0,none
6073.T,0.0,0.0,none
6071.T,0.0,0.0,none
6069.T,0.0,0.0,none
6070.T,0.0,0.0,none
6072.T,0.0,0.0,none
6074.T,0.0,0.0,none
6082.T,0.0,0.0,none
6078.T,0.0,0.0,none
6081.T,0.0,0.0,none
6080.T,0.0,0.0,none
6083.T,0.0,0.0,none
6086.T,0.0,0.0,none
6088.T,0.0,0.0,none
6087.T,0.0,0.0,none
6085.T,0.0,0.0,none
6089.T,0.0,0.0,none
6091.T,0.0,0.0,none
6093.T,0.0,0.0,none
6090.T,0.0,0.0,none
6092.T,0.0,0.0,none
6094.T,0.0,0.0,none
6099.T,0.0,0.0,none
6096.T,0.0,0.0,none
6098.T,0.0,0.0,none
6101.T,0.0,0.0,none
6103.T,0.0,0.0,none
6104.T,0.0,0.0,none
6125.T,0.0,0.0,none
6113.T,0.0,0.0,none
6118.T,0.0,0.0,none
6134.T,0.0,0.0,none
6135.T,0.0,0.0,none
6136.T,0.0,0.0,none
6137.T,0.0,0.0,none
6138.T,0.0,0.0,none
6140.T,0.0,0.0,none
6141.T,0.0,0.0,none
6143.T,0.0,0.0,none
6145.T,0.0,0.0,none
6144.T,0.0,0.0,none
6146.T,0.0,0.0,none
6147.T,0.0,0.0,none
6149.T,0.0,0.0,none
6150.T,0.0,0.0,none
6151.T,0.0,0.0,none
6155.T,0.0,0.0,none
6156.T,0.0,0.0,none
6157.T,0.0,0.0,none
6158.T,0.0,0.0,none
6159.T,0.0,0.0,none
6161.T,0.0,0.0,none
6165.T,0.0,0.0,none
6166.T,0.0,0.0,none
6167.T,0.0,0.0,none
6168.T,0.0,0.0,none
6171.T,0.0,0.0,none
6173.T,0.0,0.0,none
6174.T,0.0,0.0,none
6177.T,0.0,0.0,none
6176.T,0.0,0.0,none
6178.T,0.0,0.0,none
6180.T,0.0,0.0,none
6181.T,0.0,0.0,none
6182.T,0.0,0.0,none
6183.T,0.0,0.0,none
6184.T,0.0,0.0,none
6185.T,0.0,0.0,none
6186.T,0.0,0.0,none
6189.T,0.0,0.0,none
6190.T,0.0,0.0,none
6193.T,0.0,0.0,none
6191.T,0.0,0.0,none
6194.T,0.0,0.0,none
6195.T,0.0,0.0,none
6196.T,0.0,0.0,none
6197.T,0.0,0.0,none
6198.T,0.0,0.0,none
6199.T,0.0,0.0,none
6200.T,0.0,0.0,none
6201.T,0.0,0.0,none
6203.T,0.0,0.0,none
6208.T,0.0,0.0,none
6209.T,0.0,0.0,none
6217.T,0.0,0.0,none
6218.T,0.0,0.0,none
6222.T,0.0,0.0,none
6223.T,0.0,0.0,none
6224.T,0.0,0.0,none
6227.T,0.0,0.0,none
6226.T,0.0,0.0,none
6228.T,0.0,0.0,none
6232.T,0.0,0.0,none
6231.T,0.0,0.0,none
6230.T,0.0,0.0,none
6229.T,0.0,0.0,none
6233.T,0.0,0.0,none
6235.T,0.0,0.0,none
6237.T,0.0,0.0,none
6239.T,0.0,0.0,none
6238.T,0.0,0.0,none
6240.T,0.0,0.0,none
6245.T,0.0,0.0,none
6246.T,0.0,0.0,none
6248.T,0.0,0.0,none
6247.T,0.0,0.0,none
6249.T,0.0,0.0,none
6250.T,0.0,0.0,none
6255.T,0.0,0.0,none
6254.T,0.0,0.0,none
6257.T,0.0,0.0,none
6258.T,0.0,0.0,none
6262.T,0.0,0.0,none
6264.T,0.0,0.0,none
6265.T,0.0,0.0,none
6266.T,0.0,0.0,none
6267.T,0.0,0.0,none
6268.T,0.0,0.0,none
6269.T,0.0,0.0,none
6272.T,0.0,0.0,none
6273.T,0.0,0.0,none
6276.T,0.0,0.0,none
6277.T,0.0,0.0,none
6278.T,0.0,0.0,none
6279.T,0.0,0.0,none
6282.T,0.0,0.0,none
6284.T,0.0,0.0,none
6287.T,0.0,0.0,none
6286.T,0.0,0.0,none
6289.T,0.0,0.0,none
6291.T,0.0,0.0,none
6292.T,0.0,0.0,none
6294.T,0.0,0.0,none
6298.T,0.0,0.0,none
6301.T,0.0,0.0,none
6302.T,0.0,0.0,none
6305.T,0.0,0.0,none
6307.T,0.0,0.0,none
6306.T,0.0,0.0,none
6309.T,0.0,0.0,none
6310.T,0.0,0.0,none
6315.T,0.0,0.0,none
6316.T,0.0,0.0,none
6322.T,0.0,0.0,none
6317.T,0.0,0.0,none
6324.T,0.0,0.0,none
6323.T,0.0,0.0,none
6326.T,0.0,0.0,none
6325.T,0.0,0.0,none
6327.T,0.0,0.0,none
6328.T,0.0,0.0,none
6330.T,0.0,0.0,none
6331.T,0.0,0.0,none
6332.T,0.0,0.0,none
6333.T,0.0,0.0,none
6334.T,0.0,0.0,none
6335.T,0.0,0.0,none
6336.T,0.0,0.0,none
6337.T,0.0,0.0,none
6338.T,0.0,0.0,none
6339.T,0.0,0.0,none
6340.T,0.0,0.0,none
6342.T,0.0,0.0,none
6343.T,0.0,0.0,none
6345.T,0.0,0.0,none
6346.T,0.0,0.0,none
6347.T,0.0,0.0,none
6349.T,0.0,0.0,none
6351.T,0.0,0.0,none
6356.T,0.0,0.0,none
6357.T,0.0,0.0,none
6358.T,0.0,0.0,none
6363.T,0.0,0.0,none
6361.T,0.0,0.0,none
6360.T,0.0,0.0,none
6364.T,0.0,0.0,none
6365.T,0.0,0.0,none
6366.T,0.0,0.0,none
6368.T,0.0,0.0,none
6367.T,0.0,0.0,none
6369.T,0.0,0.0,none
6370.T,0.0,0.0,none
6371.T,0.0,0.0,none
6378.T,0.0,0.0,none
6379.T,0.0,0.0,none
6376.T,0.0,0.0,none
6380.T,0.0,0.0,none
6381.T,0.0,0.0,none
6382.T,0.0,0.0,none
6384.T,0.0,0.0,none
6383.T,0.0,0.0,none
6387.T,0.0,0.0,none
6390.T,0.0,0.0,none
6391.T,0.0,0.0,none
6392.T,0.0,0.0,none
6393.T,0.0,0.0,none
6395.T,0.0,0.0,none
6400.T,0.0,0.0,none
6396.T,0.0,0.0,none
6402.T,0.0,0.0,none
6403.T,0.0,0.0,none
6405.T,0.0,0.0,none
6407.T,0.0,0.0,none
6408.T,0.0,0.0,none
6412.T,0.0,0.0,none
6413.T,0.0,0.0,none
6417.T,0.0,0.0,none
6418.T,0.0,0.0,none
6419.T,0.0,0.0,none
6424.T,0.0,0.0,none
6420.T,0.0,0.0,none
6425.T,0.0,0.0,none
6428.T,0.0,0.0,none
6430.T,0.0,0.0,none
6433.T,0.0,0.0,none
6432.T,0.0,0.0,none
6436.T,0.0,0.0,none
6440.T,0.0,0.0,none
6444.T,0.0,0.0,none
6445.T,0.0,0.0,none
6448.T,0.0,0.0,none
6454.T,0.0,0.0,none
6455.T,0.0,0.0,none
6457.T,0.0,0.0,none
6458.T,0.0,0.0,none
6459.T,0.0,0.0,none
6460.T,0.0,0.0,none
6464.T,0.0,0.0,none
6463.T,0.0,0.0,none
6466.T,0.0,0.0,none
6465.T,0.0,0.0,none
6467.T,0.0,0.0,none
6469.T,0.0,0.0,none
6470.T,0.0,0.0,none
6471.T,0.0,0.0,none
6472.T,0.0,0.0,none
6473.T,0.0,0.0,none
6479.T,0.0,0.0,none
6474.T,0.0,0.0,none
6480.T,0.0,0.0,none
6481.T,0.0,0.0,none
6482.T,0.0,0.0,none
6484.T,0.0,0.0,none
6485.T,0.0,0.0,none
6486.T,0.0,0.0,none
6488.T,0.0,0.0,none
6489.T,0.0,0.0,none
6490.T,0.0,0.0,none
6492.T,0.0,0.0,none
6493.T,0.0,0.0,none
6494.T,0.0,0.0,none
6495.T,0.0,0.0,none
6496.T,0.0,0.0,none
6498.T,0.0,0.0,none
6497.T,0.0,0.0,none
6501.T,0.0,0.0,none
6503.T,0.0,0.0,none
6504.T,0.0,0.0,none
6505.T,0.0,0.0,none
6506.T,0.0,0.0,none
6507.T,0.0,0.0,none
6508.T,0.0,0.0,none
6513.T,0.0,0.0,none
6516.T,0.0,0.0,none
6518.T,0.0,0.0,none
6517.T,0.0,0.0,none
6521.T,0.0,0.0,none
6522.T,0.0,0.0,none
6523.T,0.0,0.0,none
6524.T,0.0,0.0,none
6525.T,0.0,0.0,none
6526.T,0.0,0.0,none
6527.T,0.0,0.0,none
6532.T,0.0,0.0,none
6533.T,0.0,0.0,none
6535.T,0.0,0.0,none
6538.T,0.0,0.0,none
6537.T,0.0,0.0,none
6539.T,0.0,0.0,none
6540.T,0.0,0.0,none
6543.T,0.0,0.0,none
6544.T,0.0,0.0,none
6545.T,0.0,0.0,none
6546.T,0.0,0.0,none
6547.T,0.0,0.0,none
6548.T,0.0,0.0,none
6549.T,0.0,0.0,none
6551.T,0.0,0.0,none
6552.T,0.0,0.0,none
6554.T,0.0,0.0,none
6555.T,0.0,0.0,none
6557.T,0.0,0.0,none
6558.T,0.0,0.0,none
6560.T,0.0,0.0,none
6562.T,0.0,0.0,none
6563.T,0.0,0.0,none
6561.T,0.0,0.0,none
6564.T,0.0,0.0,none
6565.T,0.0,0.0,none
6568.T,0.0,0.0,none
6566.T,0.0,0.0,none
6570.T,0.0,0.0,none
6571.T,0.0,0.0,none
6572.T,0.0,0.0,none
6577.T,0.0,0.0,none
6576.T,0.0,0.0,none
6574.T,0.0,0.0,none
6573.T,0.0,0.0,none
6579.T,0.0,0.0,none
6578.T,0.0,0.0,none
6580.T,0.0,0.0,none
6586.T,0.0,0.0,none
6584.T,0.0,0.0,none
6588.T,0.0,0.0,none
6590.T,0.0,0.0,none
6594.T,0.0,0.0,none
6592.T,0.0,0.0,none
6596.T,0.0,0.0,none
6597.T,0.0,0.0,none
6599.T,0.0,0.0,none
6614.T,0.0,0.0,none
6613.T,0.0,0.0,none
6612.T,0.0,0.0,none
6615.T,0.0,0.0,none
6616.T,0.0,0.0,none
6617.T,0.0,0.0,none
6619.T,0.0,0.0,none
6620.T,0.0,0.0,none
6622.T,0.0,0.0,none
6625.T,0.0,0.0,none
6626.T,0.0,0.0,none
6627.T,0.0,0.0,none
6630.T,0.0,0.0,none
6629.T,0.0,0.0,none
6632.T,0.0,0.0,none
6633.T,0.0,0.0,none
6634.T,0.0,0.0,none
6635.T,0.0,0.0,none
6637.T,0.0,0.0,none
6643.T,0.0,0.0,none
6638.T,0.0,0.0,none
6644.T,0.0,0.0,none
6645.T,0.0,0.0,none
6647.T,0.0,0.0,none
6651.T,0.0,0.0,none
6652.T,0.0,0.0,none
6648.T,0.0,0.0,none
6653.T,0.0,0.0,none
6654.T,0.0,0.0,none
6656.T,0.0,0.0,none
6658.T,0.0,0.0,none
6659.T,0.0,0.0,none
6662.T,0.0,0.0,none
6663.T,0.0,0.0,none
6664.T,0.0,0.0,none
6670.T,0.0,0.0,none
6668.T,0.0,0.0,none
6666.T,0.0,0.0,none
6674.T,0.0,0.0,none
6675.T,0.0,0.0,none
6676.T,0.0,0.0,none
6678.T,0.0,0.0,none
6677.T,0.0,0.0,none
6694.T,0.0,0.0,none
6695.T,0.0,0.0,none
6699.T,0.0,0.0,none
6701.T,0.0,0.0,none
6696.T,0.0,0.0,none
6702.T,0.0,0.0,none
6703.T,0.0,0.0,none
6706.T,0.0,0.0,none
6718.T,0.0,0.0,none
6707.T,0.0,0.0,none
6721.T,0.0,0.0,none
6723.T,0.0,0.0,none
6724.T,0.0,0.0,none
6727.T,0.0,0.0,none
6728.T,0.0,0.0,none
6730.T,0.0,0.0,none
6731.T,0.0,0.0,none
6737.T,0.0,0.0,none
6736.T,0.0,0.0,none
6740.T,0.0,0.0,none
6742.T,0.0,0.0,none
6741.T,0.0,0.0,none
6743.T,0.0,0.0,none
6744.T,0.0,0.0,none
6745.T,0.0,0.0,none
6750.T,0.0,0.0,none
6748.T,0.0,0.0,none
6752.T,0.0,0.0,none
6753.T,0.0,0.0,none
6754.T,0.0,0.0,none
6757.T,0.0,0.0,none
6758.T,0.0,0.0,none
6762.T,0.0,0.0,none
6763.T,0.0,0.0,none
6770.T,0.0,0.0,none
6768.T,0.0,0.0,none
6769.T,0.0,0.0,none
6771.T,0.0,0.0,none
6772.T,0.0,0.0,none
6775.T,0.0,0.0,none
6777.T,0.0,0.0,none
6776.T,0.0,0.0,none
6778.T,0.0,0.0,none
6779.T,0.0,0.0,none
6785.T,0.0,0.0,none
6787.T,0.0,0.0,none
6786.T,0.0,0.0,none
6797.T,0.0,0.0,none
6794.T,0.0,0.0,none
6800.T,0.0,0.0,none
6788.T,0.0,0.0,none
6798.T,0.0,0.0,none
6803.T,0.0,0.0,none
6804.T,0.0,0.0,none
6806.T,0.0,0.0,none
6809.T,0.0,0.0,none
6807.T,0.0,0.0,none
6810.T,0.0,0.0,none
6817.T,0.0,0.0,none
6814.T,0.0,0.0,none
6819.T,0.0,0.0,none
6820.T,0.0,0.0,none
6822.T,0.0,0.0,none
6824.T,0.0,0.0,none
6823.T,0.0,0.0,none
6832.T,0.0,0.0,none
6834.T,0.0,0.0,none
6835.T,0.0,0.0,none
6837.T,0.0,0.0,none
6838.T,0.0,0.0,none
6836.T,0.0,0.0,none
6840.T,0.0,0.0,none
6841.T,0.0,0.0,none
6844.T,0.0,0.0,none
6845.T,0.0,0.0,none
6848.T,0.0,0.0,none
6849.T,0.0,0.0,none
6850.T,0.0,0.0,none
6853.T,0.0,0.0,none
6856.T,0.0,0.0,none
6855.T,0.0,0.0,none
6857.T,0.0,0.0,none
6858.T,0.0,0.0,none
6862.T,0.0,0.0,none
6861.T,0.0,0.0,none
6859.T,0.0,0.0,none
6863.T,0.0,0.0,none
6864.T,0.0,0.0,none
6866.T,0.0,0.0,none
6867.T,0.0,0.0,none
6870.T,0.0,0.0,none
6869.T,0.0,0.0,none
6871.T,0.0,0.0,none
6874.T,0.0,0.0,none
6875.T,0.0,0.0,none
6882.T,0.0,0.0,none
6877.T,0.0,0.0,none
6890.T,0.0,0.0,none
6888.T,0.0,0.0,none
6894.T,0.0,0.0,none
6897.T,0.0,0.0,none
6898.T,0.0,0.0,none
6899.T,0.0,0.0,none
6901.T,0.0,0.0,none
6905.T,0.0,0.0,none
6904.T,0.0,0.0,none
6902.T,0.0,0.0,none
6907.T,0.0,0.0,none
6908.T,0.0,0.0,none
6912.T,0.0,0.0,none
6918.T,0.0,0.0,none
6915.T,0.0,0.0,none
6914.T,0.0,0.0,none
6919.T,0.0,0.0,none
6920.T,0.0,0.0,none
6923.T,0.0,0.0,none
6925.T,0.0,0.0,none
6927.T,0.0,0.0,none
6926.T,0.0,0.0,none
6929.T,0.0,0.0,none
6928.T,0.0,0.0,none
6942.T,0.0,0.0,none
6941.T,0.0,0.0,none
6932.T,0.0,0.0,none
6946.T,0.0,0.0,none
6943.T,0.0,0.0,none
6947.T,0.0,0.0,none
6952.T,0.0,0.0,none
6951.T,0.0,0.0,none
6954.T,0.0,0.0,none
6958.T,0.0,0.0,none
6955.T,0.0,0.0,none
6960.T,0.0,0.0,none
6961.T,0.0,0.0,none
6964.T,0.0,0.0,none
6962.T,0.0,0.0,none
6963.T,0.0,0.0,none
6965.T,0.0,0.0,none
6966.T,0.0,0.0,none
6977.T,0.0,0.0,none
6969.T,0.0,0.0,none
6976.T,0.0,0.0,none
6971.T,0.0,0.0,none
6982.T,0.0,0.0,none
6986.T,0.0,0.0,none
6981.T,0.0,0.0,none
6989.T,0.0,0.0,none
6988.T,0.0,0.0,none
6993.T,0.0,0.0,none
6996.T,0.0,0.0,none
6997.T,0.0,0.0,none
6994.T,0.0,0.0,none
6995.T,0.0,0.0,none
6998.T,0.0,0.0,none
6999.T,0.0,0.0,none
7011.T,0.0,0.0,none
7003.T,0.0,0.0,none
7004.T,0.0,0.0,none
7012.T,0.0,0.0,none
7013.T,0.0,0.0,none
7014.T,0.0,0.0,none
7022.T,0.0,0.0,none
7030.T,0.0,0.0,none
7021.T,0.0,0.0,none
7018.T,0.0,0.0,none
7031.T,0.0,0.0,none
7033.T,0.0,0.0,none
7035.T,0.0,0.0,none
7034.T,0.0,0.0,none
7036.T,0.0,0.0,none
7037.T,0.0,0.0,none
7038.T,0.0,0.0,none
7039.T,0.0,0.0,none
7041.T,0.0,0.0,none
7040.T,0.0,0.0,none
7042.T,0.0,0.0,none
7043.T,0.0,0.0,none
7044.T,0.0,0.0,none
7047.T,0.0,0.0,none
7046.T,0.0,0.0,none
7048.T,0.0,0.0,none
7049.T,0.0,0.0,none
7050.T,0.0,0.0,none
7057.T,0.0,0.0,none
7056.T,0.0,0.0,none
7058.T,0.0,0.0,none
7059.T,0.0,0.0,none
7060.T,0.0,0.0,none
7061.T,0.0,0.0,none
7062.T,0.0,0.0,none
7063.T,0.0,0.0,none
7064.T,0.0,0.0,none
7065.T,0.0,0.0,none
7066.T,0.0,0.0,none
7067.T,0.0,0.0,none
7071.T,0.0,0.0,none
7072.T,0.0,0.0,none
7068.T,0.0,0.0,none
7069.T,0.0,0.0,none
7073.T,0.0,0.0,none
7078.T,0.0,0.0,none
7075.T,0.0,0.0,none
7079.T,0.0,0.0,none
7074.T,0.0,0.0,none
7077.T,0.0,0.0,none
7080.T,0.0,0.0,none
7081.T,0.0,0.0,none
7083.T,0.0,0.0,none
7084.T,0.0,0.0,none
7082.T,0.0,0.0,none
7089.T,0.0,0.0,none
7087.T,0.0,0.0,none
7088.T,0.0,0.0,none
7090.T,0.0,0.0,none
7085.T,0.0,0.0,none
7091.T,0.0,0.0,none
7094.T,0.0,0.0,none
7095.T,0.0,0.0,none
7092.T,0.0,0.0,none
7093.T,0.0,0.0,none
7105.T,0.0,0.0,none
7096.T,0.0,0.0,none
7098.T,0.0,0.0,none
7097.T,0.0,0.0,none
7102.T,0.0,0.0,none
7110.T,0.0,0.0,none
7115.T,0.0,0.0,none
7114.T,0.0,0.0,none
7112.T,0.0,0.0,none
7111.T,0.0,0.0,none
7119.T,0.0,0.0,none
7122.T,0.0,0.0,none
7127.T,0.0,0.0,none
7120.T,0.0,0.0,none
7126.T,0.0,0.0,none
7128.T,0.0,0.0,none
7129.T,0.0,0.0,none
7132.T,0.0,0.0,none
7131.T,0.0,0.0,none
7130.T,0.0,0.0,none
7133.T,0.0,0.0,none
7134.T,0.0,0.0,none
7136.T,0.0,0.0,none
7135.T,0.0,0.0,none
7139.T,0.0,0.0,none
7137.T,0.0,0.0,none
7138.T,0.0,0.0,none
7140.T,0.0,0.0,none
7150.T,0.0,0.0,none
7157.T,0.0,0.0,none
7148.T,0.0,0.0,none
7161.T,0.0,0.0,none
7162.T,0.0,0.0,none
7164.T,0.0,0.0,none
7172.T,0.0,0.0,none
7170.T,0.0,0.0,none
7173.T,0.0,0.0,none
7167.T,0.0,0.0,none
7175.T,0.0,0.0,none
7180.T,0.0,0.0,none
7181.T,0.0,0.0,none
7177.T,0.0,0.0,none
7176.T,0.0,0.0,none
7182.T,0.0,0.0,none
7183.T,0.0,0.0,none
7185.T,0.0,0.0,none
7184.T,0.0,0.0,none
7186.T,0.0,0.0,none
7187.T,0.0,0.0,none
7192.T,0.0,0.0,none
7191.T,0.0,0.0,none
7196.T,0.0,0.0,none
7189.T,0.0,0.0,none
7198.T,0.0,0.0,none
7202.T,0.0,0.0,none
7201.T,0.0,0.0,none
7199.T,0.0,0.0,none
7203.T,0.0,0.0,none
7208.T,0.0,0.0,none
7211.T,0.0,0.0,none
7212.T,0.0,0.0,none
7214.T,0.0,0.0,none
7215.T,0.0,0.0,none
7213.T,0.0,0.0,none
7217.T,0.0,0.0,none
7220.T,0.0,0.0,none
7219.T,0.0,0.0,none
7218.T,0.0,0.0,none
7222.T,0.0,0.0,none
7229.T,0.0,0.0,none
7228.T,0.0,0.0,none
7226.T,0.0,0.0,none
7224.T,0.0,0.0,none
7231.T,0.0,0.0,none
7235.T,0.0,0.0,none
7238.T,0.0,0.0,none
7236.T,0.0,0.0,none
7239.T,0.0,0.0,none
7240.T,0.0,0.0,none
7244.T,0.0,0.0,none
7241.T,0.0,0.0,none
7242.T,0.0,0.0,none
7245.T,0.0,0.0,none
7246.T,0.0,0.0,none
7254.T,0.0,0.0,none
7256.T,0.0,0.0,none
7255.T,0.0,0.0,none
7247.T,0.0,0.0,none
7250.T,0.0,0.0,none
7259.T,0.0,0.0,none
7266.T,0.0,0.0,none
7261.T,0.0,0.0,none
7264.T,0.0,0.0,none
7267.T,0.0,0.0,none
7265.T,0.0,0.0,none
7270.T,0.0,0.0,none
7269.T,0.0,0.0,none
7271.T,0.0,0.0,none
7272.T,0.0,0.0,none
7273.T,0.0,0.0,none
7276.T,0.0,0.0,none
7277.T,0.0,0.0,none
7278.T,0.0,0.0,none
7282.T,0.0,0.0,none
7280.T,0.0,0.0,none
7279.T,0.0,0.0,none
7283.T,0.0,0.0,none
7287.T,0.0,0.0,none
7292.T,0.0,0.0,none
7284.T,0.0,0.0,none
7291.T,0.0,0.0,none
7294.T,0.0,0.0,none
7305.T,0.0,0.0,none
7299.T,0.0,0.0,none
7296.T,0.0,0.0,none
7297.T,0.0,0.0,none
7309.T,0.0,0.0,none
7313.T,0.0,0.0,none
7318.T,0.0,0.0,none
7314.T,0.0,0.0,none
7317.T,0.0,0.0,none
7320.T,0.0,0.0,none
7322.T,0.0,0.0,none
7325.T,0.0,0.0,none
7327.T,0.0,0.0,none
7326.T,0.0,0.0,none
7337.T,0.0,0.0,none
7343.T,0.0,0.0,none
7345.T,0.0,0.0,none
7347.T,0.0,0.0,none
7351.T,0.0,0.0,none
7352.T,0.0,0.0,none
7350.T,0.0,0.0,none
7353.T,0.0,0.0,none
7354.T,0.0,0.0,none
7355.T,0.0,0.0,none
7356.T,0.0,0.0,none
7357.T,0.0,0.0,none
7358.T,0.0,0.0,none
7359.T,0.0,0.0,none
7360.T,0.0,0.0,none
7361.T,0.0,0.0,none
7362.T,0.0,0.0,none
7363.T,0.0,0.0,none
7364.T,0.0,0.0,none
7367.T,0.0,0.0,none
7366.T,0.0,0.0,none
7368.T,0.0,0.0,none
7369.T,0.0,0.0,none
7370.T,0.0,0.0,none
7371.T,0.0,0.0,none
7372.T,0.0,0.0,none
7373.T,0.0,0.0,none
7374.T,0.0,0.0,none
7375.T,0.0,0.0,none
7376.T,0.0,0.0,none
7377.T,0.0,0.0,none
7378.T,0.0,0.0,none
7380.T,0.0,0.0,none
7381.T,0.0,0.0,none
7389.T,0.0,0.0,none
7388.T,0.0,0.0,none
7383.T,0.0,0.0,none
7384.T,0.0,0.0,none
7399.T,0.0,0.0,none
7409.T,0.0,0.0,none
7413.T,0.0,0.0,none
7412.T,0.0,0.0,none
7414.T,0.0,0.0,none
7416.T,0.0,0.0,none
7417.T,0.0,0.0,none
7421.T,0.0,0.0,none
7419.T,0.0,0.0,none
7422.T,0.0,0.0,none
7425.T,0.0,0.0,none
7426.T,0.0,0.0,none
7427.T,0.0,0.0,none
7434.T,0.0,0.0,none
7435.T,0.0,0.0,none
7433.T,0.0,0.0,none
7438.T,0.0,0.0,none
7442.T,0.0,0.0,none
7444.T,0.0,0.0,none
7443.T,0.0,0.0,none
7446.T,0.0,0.0,none
7447.T,0.0,0.0,none
7456.T,0.0,0.0,none
7458.T,0.0,0.0,none
7450.T,0.0,0.0,none
7453.T,0.0,0.0,none
7459.T,0.0,0.0,none
7462.T,0.0,0.0,none
7463.T,0.0,0.0,none
7460.T,0.0,0.0,none
7461.T,0.0,0.0,none
7466.T,0.0,0.0,none
7464.T,0.0,0.0,none
7476.T,0.0,0.0,none
7472.T,0.0,0.0,none
7475.T,0.0,0.0,none
7477.T,0.0,0.0,none
7483.T,0.0,0.0,none
7482.T,0.0,0.0,none
7480.T,0.0,0.0,none
7481.T,0.0,0.0,none
7486.T,0.0,0.0,none
7490.T,0.0,0.0,none
7494.T,0.0,0.0,none
7500.T,0.0,0.0,none
7487.T,0.0,0.0,none
7501.T,0.0,0.0,none
7504.T,0.0,0.0,none
7502.T,0.0,0.0,none
7506.T,0.0,0.0,none
7508.T,0.0,0.0,none
7505.T,0.0,0.0,none
7509.T,0.0,0.0,none
7510.T,0.0,0.0,none
7512.T,0.0,0.0,none
7514.T,0.0,0.0,none
7513.T,0.0,0.0,none
7515.T,0.0,0.0,none
7516.T,0.0,0.0,none
7520.T,0.0,0.0,none
7521.T,0.0,0.0,none
7524.T,0.0,0.0,none
7523.T,0.0,0.0,none
7522.T,0.0,0.0,none
7527.T,0.0,0.0,none
7525.T,0.0,0.0,none
7531.T,0.0,0.0,none
7532.T,0.0,0.0,none
7538.T,0.0,0.0,none
7537.T,0.0,0.0,none
7539.T,0.0,0.0,none
7544.T,0.0,0.0,none
7550.T,0.0,0.0,none
7551.T,0.0,0.0,none
7552.T,0.0,0.0,none
7545.T,0.0,0.0,none
7554.T,0.0,0.0,none
7564.T,0.0,0.0,none
7555.T,0.0,0.0,none
7562.T,0.0,0.0,none
7561.T,0.0,0.0,none
7567.T,0.0,0.0,none
7565.T,0.0,0.0,none
7570.T,0.0,0.0,none
7571.T,0.0,0.0,none
7575.T,0.0,0.0,none
7578.T,0.0,0.0,none
7581.T,0.0,0.0,none
7585.T,0.0,0.0,none
7593.T,0.0,0.0,none
7590.T,0.0,0.0,none
7595.T,0.0,0.0,none
7596.T,0.0,0.0,none
7599.T,0.0,0.0,none
7600.T,0.0,0.0,none
7601.T,0.0,0.0,none
7604.T,0.0,0.0,none
7603.T,0.0,0.0,none
7602.T,0.0,0.0,none
7606.T,0.0,0.0,none
7607.T,0.0,0.0,none
7609.T,0.0,0.0,none
7608.T,0.0,0.0,none
7610.T,0.0,0.0,none
7611.T,0.0,0.0,none
7613.T,0.0,0.0,none
7615.T,0.0,0.0,none
7614.T,0.0,0.0,none
7616.T,0.0,0.0,none
7619.T,0.0,0.0,none
7621.T,0.0,0.0,none
7624.T,0.0,0.0,none
7625.T,0.0,0.0,none
7628.T,0.0,0.0,none
7630.T,0.0,0.0,none
7634.T,0.0,0.0,none
7636.T,0.0,0.0,none
7637.T,0.0,0.0,none
7638.T,0.0,0.0,none
7640.T,0.0,0.0,none
7643.T,0.0,0.0,none
7646.T,0.0,0.0,none
7670.T,0.0,0.0,none
7649.T,0.0,0.0,none
7673.T,0.0,0.0,none
7674.T,0.0,0.0,none
7677.T,0.0,0.0,none
7678.T,0.0,0.0,none
7679.T,0.0,0.0,none
7680.T,0.0,0.0,none
7681.T,0.0,0.0,none
7682.T,0.0,0.0,none
7683.T,0.0,0.0,none
7686.T,0.0,0.0,none
7685.T,0.0,0.0,none
7687.T,0.0,0.0,none
7689.T,0.0,0.0,none
7690.T,0.0,0.0,none
7691.T,0.0,0.0,none
7692.T,0.0,0.0,none
7693.T,0.0,0.0,none
7694.T,0.0,0.0,none
7698.T,0.0,0.0,none
7695.T,0.0,0.0,none
7699.T,0.0,0.0,none
7701.T,0.0,0.0,none
7702.T,0.0,0.0,none
7707.T,0.0,0.0,none
7709.T,0.0,0.0,none
7711.T,0.0,0.0,none
7713.T,0.0,0.0,none
7715.T,0.0,0.0,none
7716.T,0.0,0.0,none
7717.T,0.0,0.0,none
7719.T,0.0,0.0,none
7721.T,0.0,0.0,none
7722.T,0.0,0.0,none
7723.T,0.0,0.0,none
7725.T,0.0,0.0,none
7727.T,0.0,0.0,none
7726.T,0.0,0.0,none
7729.T,0.0,0.0,none
7730.T,0.0,0.0,none
7731.T,0.0,0.0,none
7733.T,0.0,0.0,none
7734.T,0.0,0.0,none
7735.T,0.0,0.0,none
7739.T,0.0,0.0,none
7740.T,0.0,0.0,none
7741.T,0.0,0.0,none
7743.T,0.0,0.0,none
7744.T,0.0,0.0,none
7745.T,0.0,0.0,none
7746.T,0.0,0.0,none
7747.T,0.0,0.0,none
7751.T,0.0,0.0,none
7749.T,0.0,0.0,none
7760.T,0.0,0.0,none
7762.T,0.0,0.0,none
7752.T,0.0,0.0,none
7774.T,0.0,0.0,none
7769.T,0.0,0.0,none
7771.T,0.0,0.0,none
7776.T,0.0,0.0,none
7775.T,0.0,0.0,none
7777.T,0.0,0.0,none
7780.T,0.0,0.0,none
7779.T,0.0,0.0,none
7781.T,0.0,0.0,none
7792.T,0.0,0.0,none
7791.T,0.0,0.0,none
7793.T,0.0,0.0,none
7794.T,0.0,0.0,none
7782.T,0.0,0.0,none
7795.T,0.0,0.0,none
7804.T,0.0,0.0,none
7803.T,0.0,0.0,none
7800.T,0.0,0.0,none
7805.T,0.0,0.0,none
7806.T,0.0,0.0,none
7808.T,0.0,0.0,none
7809.T,0.0,0.0,none
7807.T,0.0,0.0,none
7810.T,0.0,0.0,none
7811.T,0.0,0.0,none
7813.T,0.0,0.0,none
7812.T,0.0,0.0,none
7814.T,0.0,0.0,none
7815.T,0.0,0.0,none
7818.T,0.0,0.0,none
7819.T,0.0,0.0,none
7820.T,0.0,0.0,none
7822.T,0.0,0.0,none
7821.T,0.0,0.0,none
7823.T,0.0,0.0,none
7826.T,0.0,0.0,none
7827.T,0.0,0.0,none
7831.T,0.0,0.0,none
7832.T,0.0,0.0,none
7833.T,0.0,0.0,none
7836.T,0.0,0.0,none
7840.T,0.0,0.0,none
7839.T,0.0,0.0,none
7837.T,0.0,0.0,none
7841.T,0.0,0.0,none
7844.T,0.0,0.0,none
7846.T,0.0,0.0,none
7849.T,0.0,0.0,none
7847.T,0.0,0.0,none
7850.T,0.0,0.0,none
7851.T,0.0,0.0,none
7856.T,0.0,0.0,none
7857.T,0.0,0.0,none
7859.T,0.0,0.0,none
7860.T,0.0,0.0,none
7863.T,0.0,0.0,none
7864.T,0.0,0.0,none
7865.T,0.0,0.0,none
7867.T,0.0,0.0,none
7868.T,0.0,0.0,none
7871.T,0.0,0.0,none
7872.T,0.0,0.0,none
7875.T,0.0,0.0,none
7874.T,0.0,0.0,none
7877.T,0.0,0.0,none
7878.T,0.0,0.0,none
7879.T,0.0,0.0,none
7883.T,0.0,0.0,none
7885.T,0.0,0.0,none
7886.T,0.0,0.0,none
7887.T,0.0,0.0,none
7896.T,0.0,0.0,none
7888.T,0.0,0.0,none
7893.T,0.0,0.0,none
7897.T,0.0,0.0,none
7898.T,0.0,0.0,none
7902.T,0.0,0.0,none
7901.T,0.0,0.0,none
7906.T,0.0,0.0,none
7908.T,0.0,0.0,none
7911.T,0.0,0.0,none
7912.T,0.0,0.0,none
7914.T,0.0,0.0,none
7916.T,0.0,0.0,none
7915.T,0.0,0.0,none
7917.T,0.0,0.0,none
7918.T,0.0,0.0,none
7919.T,0.0,0.0,none
7922.T,0.0,0.0,none
7921.T,0.0,0.0,none
7925.T,0.0,0.0,none
7927.T,0.0,0.0,none
7928.T,0.0,0.0,none
7932.T,0.0,0.0,none
7931.T,0.0,0.0,none
7936.T,0.0,0.0,none
7937.T,0.0,0.0,none
7939.T,0.0,0.0,none
7938.T,0.0,0.0,none
7940.T,0.0,0.0,none
7942.T,0.0,0.0,none
7943.T,0.0,0.0,none
7944.T,0.0,0.0,none
7946.T,0.0,0.0,none
7947.T,0.0,0.0,none
7949.T,0.0,0.0,none
7952.T,0.0,0.0,none
7951.T,0.0,0.0,none
7953.T,0.0,0.0,none
7955.T,0.0,0.0,none
7956.T,0.0,0.0,none
7957.T,0.0,0.0,none
7962.T,0.0,0.0,none
7963.T,0.0,0.0,none
7965.T,0.0,0.0,none
7966.T,0.0,0.0,none
7970.T,0.0,0.0,none
7971.T,0.0,0.0,none
7972.T,0.0,0.0,none
7974.T,0.0,0.0,none
7975.T,0.0,0.0,none
7976.T,0.0,0.0,none
7979.T,0.0,0.0,none
7980.T,0.0,0.0,none
7981.T,0.0,0.0,none
7983.T,0.0,0.0,none
7985.T,0.0,0.0,none
7986.T,0.0,0.0,none
7984.T,0.0,0.0,none
7988.T,0.0,0.0,none
7987.T,0.0,0.0,none
7989.T,0.0,0.0,none
7990.T,0.0,0.0,none
7991.T,0.0,0.0,none
7992.T,0.0,0.0,none
7994.T,0.0,0.0,none
7995.T,0.0,0.0,none
8001.T,0.0,0.0,none
7999.T,0.0,0.0,none
7997.T,0.0,0.0,none
8002.T,0.0,0.0,none
8005.T,0.0,0.0,none
8006.T,0.0,0.0,none
8007.T,0.0,0.0,none
8008.T,0.0,0.0,none
8011.T,0.0,0.0,none
8012.T,0.0,0.0,none
8013.T,0.0,0.0,none
8014.T,0.0,0.0,none
8015.T,0.0,0.0,none
8016.T,0.0,0.0,none
8018.T,0.0,0.0,none
8020.T,0.0,0.0,none
8023.T,0.0,0.0,none
8022.T,0.0,0.0,none
8025.T,0.0,0.0,none
8029.T,0.0,0.0,none
8030.T,0.0,0.0,none
8032.T,0.0,0.0,none
8031.T,0.0,0.0,none
8035.T,0.0,0.0,none
8037.T,0.0,0.0,none
8039.T,0.0,0.0,none
8041.T,0.0,0.0,none
8040.T,0.0,0.0,none
8043.T,0.0,0.0,none
8045.T,0.0,0.0,none
8046.T,0.0,0.0,none
8050.T,0.0,0.0,none
8051.T,0.0,0.0,none
8052.T,0.0,0.0,none
8053.T,0.0,0.0,none
8056.T,0.0,0.0,none
8057.T,0.0,0.0,none
8058.T,0.0,0.0,none
8060.T,0.0,0.0,none
8061.T,0.0,0.0,none
8059.T,0.0,0.0,none
8065.T,0.0,0.0,none
8066.T,0.0,0.0,none
8070.T,0.0,0.0,none
8076.T,0.0,0.0,none
8074.T,0.0,0.0,none
8075.T,0.0,0.0,none
8078.T,0.0,0.0,none
8077.T,0.0,0.0,none
8079.T,0.0,0.0,none
8084.T,0.0,0.0,none
8081.T,0.0,0.0,none
8085.T,0.0,0.0,none
8086.T,0.0,0.0,none
8088.T,0.0,0.0,none
8093.T,0.0,0.0,none
8095.T,0.0,0.0,none
8089.T,0.0,0.0,none
8091.T,0.0,0.0,none
8097.T,0.0,0.0,none
8098.T,0.0,0.0,none
8104.T,0.0,0.0,none
8103.T,0.0,0.0,none
8101.T,0.0,0.0,none
8105.T,0.0,0.0,none
8107.T,0.0,0.0,none
8113.T,0.0,0.0,none
8115.T,0.0,0.0,none
8111.T,0.0,0.0,none
8117.T,0.0,0.0,none
8118.T,0.0,0.0,none
8119.T,0.0,0.0,none
8123.T,0.0,0.0,none
8125.T,0.0,0.0,none
8127.T,0.0,0.0,none
8129.T,0.0,0.0,none
8130.T,0.0,0.0,none
8132.T,0.0,0.0,none
8131.T,0.0,0.0,none
8133.T,0.0,0.0,none
8136.T,0.0,0.0,none
8135.T,0.0,0.0,none
8137.T,0.0,0.0,none
8138.T,0.0,0.0,none
8139.T,0.0,0.0,none
8142.T,0.0,0.0,none
8141.T,0.0,0.0,none
8143.T,0.0,0.0,none
8144.T,0.0,0.0,none
8147.T,0.0,0.0,none
8150.T,0.0,0.0,none
8151.T,0.0,0.0,none
8152.T,0.0,0.0,none
8153.T,0.0,0.0,none
8154.T,0.0,0.0,none
8157.T,0.0,0.0,none
8158.T,0.0,0.0,none
8159.T,0.0,0.0,none
8160.T,0.0,0.0,none
8163.T,0.0,0.0,none
8165.T,0.0,0.0,none
8166.T,0.0,0.0,none
8167.T,0.0,0.0,none
8173.T,0.0,0.0,none
8181.T,0.0,0.0,none
8179.T,0.0,0.0,none
8174.T,0.0,0.0,none
8194.T,0.0,0.0,none
8185.T,0.0,0.0,none
8198.T,0.0,0.0,none
8202.T,0.0,0.0,none
8203.T,0.0,0.0,none
8200.T,0.0,0.0,none
8207.T,0.0,0.0,none
8209.T,0.0,0.0,none
8217.T,0.0,0.0,none
8218.T,0.0,0.0,none
8214.T,0.0,0.0,none
8219.T,0.0,0.0,none
8225.T,0.0,0.0,none
8227.T,0.0,0.0,none
8226.T,0.0,0.0,none
8230.T,0.0,0.0,none
8233.T,0.0,0.0,none
8237.T,0.0,0.0,none
8242.T,0.0,0.0,none
8244.T,0.0,0.0,none
8247.T,0.0,0.0,none
8252.T,0.0,0.0,none
8253.T,0.0,0.0,none
8255.T,0.0,0.0,none
8254.T,0.0,0.0,none
8260.T,0.0,0.0,none
8267.T,0.0,0.0,none
8275.T,0.0,0.0,none
8273.T,0.0,0.0,none
8276.T,0.0,0.0,none
8278.T,0.0,0.0,none
8281.T,0.0,0.0,none
8283.T,0.0,0.0,none
8282.T,0.0,0.0,none
8285.T,0.0,0.0,none
8289.T,0.0,0.0,none
8291.T,0.0,0.0,none
8303.T,0.0,0.0,none
8304.T,0.0,0.0,none
8306.T,0.0,0.0,none
8309.T,0.0,0.0,none
8308.T,0.0,0.0,none
8316.T,0.0,0.0,none
8334.T,0.0,0.0,none
8331.T,0.0,0.0,none
8336.T,0.0,0.0,none
8337.T,0.0,0.0,none
8338.T,0.0,0.0,none
8343.T,0.0,0.0,none
8341.T,0.0,0.0,none
8344.T,0.0,0.0,none
8349.T,0.0,0.0,none
8346.T,0.0,0.0,none
8354.T,0.0,0.0,none
8345.T,0.0,0.0,none
8361.T,0.0,0.0,none
8359.T,0.0,0.0,none
8358.T,0.0,0.0,none
8362.T,0.0,0.0,none
8360.T,0.0,0.0,none
8365.T,0.0,0.0,none
8364.T,0.0,0.0,none
8368.T,0.0,0.0,none
8367.T,0.0,0.0,none
8366.T,0.0,0.0,none
8370.T,0.0,0.0,none
8381.T,0.0,0.0,none
8377.T,0.0,0.0,none
8386.T,0.0,0.0,none
8383.T,0.0,0.0,none
8387.T,0.0,0.0,none
8388.T,0.0,0.0,none
8392.T,0.0,0.0,none
8395.T,0.0,0.0,none
8393.T,0.0,0.0,none
8399.T,0.0,0.0,none
8411.T,0.0,0.0,none
8416.T,0.0,0.0,none
8410.T,0.0,0.0,none
8418.T,0.0,0.0,none
8424.T,0.0,0.0,none
8425.T,0.0,0.0,none
8508.T,0.0,0.0,none
8473.T,0.0,0.0,none
8439.T,0.0,0.0,none
8511.T,0.0,0.0,none
8518.T,0.0,0.0,none
8524.T,0.0,0.0,none
8537.T,0.0,0.0,none
8522.T,0.0,0.0,none
8541.T,0.0,0.0,none
8542.T,0.0,0.0,none
8551.T,0.0,0.0,none
8550.T,0.0,0.0,none
8544.T,0.0,0.0,none
8558.T,0.0,0.0,none
8562.T,0.0,0.0,none
8563.T,0.0,0.0,none
8570.T,0.0,0.0,none
8566.T,0.0,0.0,none
8572.T,0.0,0.0,none
8584.T,0.0,0.0,none
8585.T,0.0,0.0,none
8591.T,0.0,0.0,none
8593.T,0.0,0.0,none
8595.T,0.0,0.0,none
8596.T,0.0,0.0,none
8600.T,0.0,0.0,none
8601.T,0.0,0.0,none
8604.T,0.0,0.0,none
8609.T,0.0,0.0,none
8613.T,0.0,0.0,none
8614.T,0.0,0.0,none
8616.T,0.0,0.0,none
8617.T,0.0,0.0,none
8622.T,0.0,0.0,none
8624.T,0.0,0.0,none
8628.T,0.0,0.0,none
8630.T,0.0,0.0,none
8697.T,0.0,0.0,none
8698.T,0.0,0.0,none
8705.T,0.0,0.0,none
8704.T,0.0,0.0,none
8699.T,0.0,0.0,none
8700.T,0.0,0.0,none
8706.T,0.0,0.0,none
8707.T,0.0,0.0,none
8714.T,0.0,0.0,none
8708.T,0.0,0.0,none
8713.T,0.0,0.0,none
8715.T,0.0,0.0,none
8725.T,0.0,0.0,none
8729.T,0.0,0.0,none
8737.T,0.0,0.0,none
8739.T,0.0,0.0,none
8742.T,0.0,0.0,none
8746.T,0.0,0.0,none
8750.T,0.0,0.0,none
8766.T,0.0,0.0,none
8747.T,0.0,0.0,none
8769.T,0.0,0.0,none
8771.T,0.0,0.0,none
8772.T,0.0,0.0,none
8783.T,0.0,0.0,none
8789.T,0.0,0.0,none
8793.T,0.0,0.0,none
8795.T,0.0,0.0,none
8798.T,0.0,0.0,none
8801.T,0.0,0.0,none
8802.T,0.0,0.0,none
8803.T,0.0,0.0,none
8818.T,0.0,0.0,none
8804.T,0.0,0.0,none
8830.T,0.0,0.0,none
8835.T,0.0,0.0,none
8836.T,0.0,0.0,none
8844.T,0.0,0.0,none
8841.T,0.0,0.0,none
8848.T,0.0,0.0,none
8850.T,0.0,0.0,none
8864.T,0.0,0.0,none
8869.T,0.0,0.0,none
8871.T,0.0,0.0,none
8860.T,0.0,0.0,none
8876.T,0.0,0.0,none
8892.T,0.0,0.0,none
8891.T,0.0,0.0,none
8881.T,0.0,0.0,none
8887.T,0.0,0.0,none
8877.T,0.0,0.0,none
8894.T,0.0,0.0,none
8904.T,0.0,0.0,none
8898.T,0.0,0.0,none
8897.T,0.0,0.0,none
8908.T,0.0,0.0,none
8917.T,0.0,0.0,none
8912.T,0.0,0.0,none
8914.T,0.0,0.0,none
8918.T,0.0,0.0,none
8919.T,0.0,0.0,none
8920.T,0.0,0.0,none
8923.T,0.0,0.0,none
8921.T,0.0,0.0,none
8927.T,0.0,0.0,none
8928.T,0.0,0.0,none
8929.T,0.0,0.0,none
8931.T,0.0,0.0,none
8934.T,0.0,0.0,none
8935.T,0.0,0.0,none
8938.T,0.0,0.0,none
8944.T,0.0,0.0,none
8945.T,0.0,0.0,none
8946.T,0.0,0.0,none
8995.T,0.0,0.0,none
8996.T,0.0,0.0,none
8999.T,0.0,0.0,none
9001.T,0.0,0.0,none
9003.T,0.0,0.0,none
9005.T,0.0,0.0,none
9006.T,0.0,0.0,none
9007.T,0.0,0.0,none
9008.T,0.0,0.0,none
9009.T,0.0,0.0,none
9010.T,0.0,0.0,none
9012.T,0.0,0.0,none
9017.T,0.0,0.0,none
9020.T,0.0,0.0,none
9021.T,0.0,0.0,none
9022.T,0.0,0.0,none
9023.T,0.0,0.0,none
9024.T,0.0,0.0,none
9025.T,0.0,0.0,none
9028.T,0.0,0.0,none
9029.T,0.0,0.0,none
9031.T,0.0,0.0,none
9033.T,0.0,0.0,none
9034.T,0.0,0.0,none
9036.T,0.0,0.0,none
9037.T,0.0,0.0,none
9039.T,0.0,0.0,none
9041.T,0.0,0.0,none
9042.T,0.0,0.0,none
9044.T,0.0,0.0,none
9045.T,0.0,0.0,none
9046.T,0.0,0.0,none
9049.T,0.0,0.0,none
9048.T,0.0,0.0,none
9051.T,0.0,0.0,none
9052.T,0.0,0.0,none
9057.T,0.0,0.0,none
9059.T,0.0,0.0,none
9060.T,0.0,0.0,none
9063.T,0.0,0.0,none
9064.T,0.0,0.0,none
9065.T,0.0,0.0,none
9067.T,0.0,0.0,none
9068.T,0.0,0.0,none
9069.T,0.0,0.0,none
9072.T,0.0,0.0,none
9073.T,0.0,0.0,none
9074.T,0.0,0.0,none
9075.T,0.0,0.0,none
9076.T,0.0,0.0,none
9081.T,0.0,0.0,none
9082.T,0.0,0.0,none
9083.T,0.0,0.0,none
9087.T,0.0,0.0,none
9090.T,0.0,0.0,none
9101.T,0.0,0.0,none
9104.T,0.0,0.0,none
9107.T,0.0,0.0,none
9110.T,0.0,0.0,none
9115.T,0.0,0.0,none
9119.T,0.0,0.0,none
9127.T,0.0,0.0,none
9130.T,0.0,0.0,none
9142.T,0.0,0.0,none
9143.T,0.0,0.0,none
9145.T,0.0,0.0,none
9146.T,0.0,0.0,none
9147.T,0.0,0.0,none
9149.T,0.0,0.0,none
9156.T,0.0,0.0,none
9158.T,0.0,0.0,none
9159.T,0.0,0.0,none
9160.T,0.0,0.0,none
9162.T,0.0,0.0,none
9163.T,0.0,0.0,none
9166.T,0.0,0.0,none
9165.T,0.0,0.0,none
9168.T,0.0,0.0,none
9169.T,0.0,0.0,none
9171.T,0.0,0.0,none
9193.T,0.0,0.0,none
9173.T,0.0,0.0,none
9201.T,0.0,0.0,none
9202.T,0.0,0.0,none
9204.T,0.0,0.0,none
9206.T,0.0,0.0,none
9211.T,0.0,0.0,none
9212.T,0.0,0.0,none
9213.T,0.0,0.0,none
9214.T,0.0,0.0,none
9215.T,0.0,0.0,none
9216.T,0.0,0.0,none
9218.T,0.0,0.0,none
9219.T,0.0,0.0,none
9220.T,0.0,0.0,none
9221.T,0.0,0.0,none
9222.T,0.0,0.0,none
9223.T,0.0,0.0,none
9225.T,0.0,0.0,none
9226.T,0.0,0.0,none
9227.T,0.0,0.0,none
9229.T,0.0,0.0,none
9233.T,0.0,0.0,none
9235.T,0.0,0.0,none
9236.T,0.0,0.0,none
9237.T,0.0,0.0,none
9238.T,0.0,0.0,none
9239.T,0.0,0.0,none
9240.T,0.0,0.0,none
9241.T,0.0,0.0,none
9242.T,0.0,0.0,none
9243.T,0.0,0.0,none
9244.T,0.0,0.0,none
9245.T,0.0,0.0,none
9246.T,0.0,0.0,none
9247.T,0.0,0.0,none
9248.T,0.0,0.0,none
9249.T,0.0,0.0,none
9250.T,0.0,0.0,none
9251.T,0.0,0.0,none
9252.T,0.0,0.0,none
9254.T,0.0,0.0,none
9253.T,0.0,0.0,none
9256.T,0.0,0.0,none
9257.T,0.0,0.0,none
9258.T,0.0,0.0,none
9259.T,0.0,0.0,none
9262.T,0.0,0.0,none
9264.T,0.0,0.0,none
9267.T,0.0,0.0,none
9265.T,0.0,0.0,none
9268.T,0.0,0.0,none
9270.T,0.0,0.0,none
9271.T,0.0,0.0,none
9272.T,0.0,0.0,none
9273.T,0.0,0.0,none
9278.T,0.0,0.0,none
9274.T,0.0,0.0,none
9301.T,0.0,0.0,none
9302.T,0.0,0.0,none
9279.T,0.0,0.0,none
9303.T,0.0,0.0,none
9304.T,0.0,0.0,none
9305.T,0.0,0.0,none
9307.T,0.0,0.0,none
9306.T,0.0,0.0,none
9308.T,0.0,0.0,none
9310.T,0.0,0.0,none
9311.T,0.0,0.0,none
9313.T,0.0,0.0,none
9312.T,0.0,0.0,none
9322.T,0.0,0.0,none
9319.T,0.0,0.0,none
9325.T,0.0,0.0,none
9326.T,0.0,0.0,none
9324.T,0.0,0.0,none
9327.T,0.0,0.0,none
9330.T,0.0,0.0,none
9334.T,0.0,0.0,none
9332.T,0.0,0.0,none
9331.T,0.0,0.0,none
9335.T,0.0,0.0,none
9337.T,0.0,0.0,none
9336.T,0.0,0.0,none
9338.T,0.0,0.0,none
9339.T,0.0,0.0,none
9340.T,0.0,0.0,none
9341.T,0.0,0.0,none
9343.T,0.0,0.0,none
9342.T,0.0,0.0,none
9344.T,0.0,0.0,none
9346.T,0.0,0.0,none
9345.T,0.0,0.0,none
9347.T,0.0,0.0,none
9348.T,0.0,0.0,none
9351.T,0.0,0.0,none
9353.T,0.0,0.0,none
9355.T,0.0,0.0,none
9360.T,0.0,0.0,none
9362.T,0.0,0.0,none
9361.T,0.0,0.0,none
9363.T,0.0,0.0,none
9364.T,0.0,0.0,none
9365.T,0.0,0.0,none
9366.T,0.0,0.0,none
9367.T,0.0,0.0,none
9368.T,0.0,0.0,none
9369.T,0.0,0.0,none
9376.T,0.0,0.0,none
9380.T,0.0,0.0,none
9381.T,0.0,0.0,none
9385.T,0.0,0.0,none
9399.T,0.0,0.0,none
9401.T,0.0,0.0,none
9404.T,0.0,0.0,none
9405.T,0.0,0.0,none
9408.T,0.0,0.0,none
9409.T,0.0,0.0,none
9412.T,0.0,0.0,none
9413.T,0.0,0.0,none
9416.T,0.0,0.0,none
9414.T,0.0,0.0,none
9417.T,0.0,0.0,none
9418.T,0.0,0.0,none
9419.T,0.0,0.0,none
9421.T,0.0,0.0,none
9423.T,0.0,0.0,none
9424.T,0.0,0.0,none
9425.T,0.0,0.0,none
9428.T,0.0,0.0,none
9432.T,0.0,0.0,none
9433.T,0.0,0.0,none
9435.T,0.0,0.0,none
9434.T,0.0,0.0,none
9436.T,0.0,0.0,none
9441.T,0.0,0.0,none
9439.T,0.0,0.0,none
9444.T,0.0,0.0,none
9438.T,0.0,0.0,none
9445.T,0.0,0.0,none
9446.T,0.0,0.0,none
9466.T,0.0,0.0,none
9450.T,0.0,0.0,none
9449.T,0.0,0.0,none
9467.T,0.0,0.0,none
9468.T,0.0,0.0,none
9474.T,0.0,0.0,none
9470.T,0.0,0.0,none
9475.T,0.0,0.0,none
9476.T,0.0,0.0,none
9478.T,0.0,0.0,none
9501.T,0.0,0.0,none
9502.T,0.0,0.0,none
9503.T,0.0,0.0,none
9504.T,0.0,0.0,none
9505.T,0.0,0.0,none
9506.T,0.0,0.0,none
9507.T,0.0,0.0,none
9508.T,0.0,0.0,none
9509.T,0.0,0.0,none
9511.T,0.0,0.0,none
9513.T,0.0,0.0,none
9514.T,0.0,0.0,none
9517.T,0.0,0.0,none
9519.T,0.0,0.0,none
9531.T,0.0,0.0,none
9532.T,0.0,0.0,none
9533.T,0.0,0.0,none
9534.T,0.0,0.0,none
9535.T,0.0,0.0,none
9537.T,0.0,0.0,none
9536.T,0.0,0.0,none
9539.T,0.0,0.0,none
9543.T,0.0,0.0,none
9551.T,0.0,0.0,none
9552.T,0.0,0.0,none
9553.T,0.0,0.0,none
9554.T,0.0,0.0,none
9556.T,0.0,0.0,none
9558.T,0.0,0.0,none
9557.T,0.0,0.0,none
9560.T,0.0,0.0,none
9561.T,0.0,0.0,none
9562.T,0.0,0.0,none
9563.T,0.0,0.0,none
9565.T,0.0,0.0,none
9564.T,0.0,0.0,none
9602.T,0.0,0.0,none
9601.T,0.0,0.0,none
9603.T,0.0,0.0,none
9605.T,0.0,0.0,none
9610.T,0.0,0.0,none
9612.T,0.0,0.0,none
9616.T,0.0,0.0,none
9621.T,0.0,0.0,none
9619.T,0.0,0.0,none
9622.T,0.0,0.0,none
9625.T,0.0,0.0,none
9627.T,0.0,0.0,none
9628.T,0.0,0.0,none
9629.T,0.0,0.0,none
9632.T,0.0,0.0,none
9633.T,0.0,0.0,none
9635.T,0.0,0.0,none
9636.T,0.0,0.0,none
9639.T,0.0,0.0,none
9640.T,0.0,0.0,none
9644.T,0.0,0.0,none
9647.T,0.0,0.0,none
9651.T,0.0,0.0,none
9658.T,0.0,0.0,none
9656.T,0.0,0.0,none
9661.T,0.0,0.0,none
9663.T,0.0,0.0,none
9672.T,0.0,0.0,none
9678.T,0.0,0.0,none
9679.T,0.0,0.0,none
9682.T,0.0,0.0,none
9684.T,0.0,0.0,none
9686.T,0.0,0.0,none
9685.T,0.0,0.0,none
9687.T,0.0,0.0,none
9692.T,0.0,0.0,none
9697.T,0.0,0.0,none
9691.T,0.0,0.0,none
9698.T,0.0,0.0,none
9699.T,0.0,0.0,none
9706.T,0.0,0.0,none
9702.T,0.0,0.0,none
9704.T,0.0,0.0,none
9701.T,0.0,0.0,none
9708.T,0.0,0.0,none
9709.T,0.0,0.0,none
9716.T,0.0,0.0,none
9713.T,0.0,0.0,none
9715.T,0.0,0.0,none
9720.T,0.0,0.0,none
9722.T,0.0,0.0,none
9726.T,0.0,0.0,none
9729.T,0.0,0.0,none
9723.T,0.0,0.0,none
9731.T,0.0,0.0,none
9735.T,0.0,0.0,none
9733.T,0.0,0.0,none
9739.T,0.0,0.0,none
9742.T,0.0,0.0,none
9740.T,0.0,0.0,none
9743.T,0.0,0.0,none
9744.T,0.0,0.0,none
9753.T,0.0,0.0,none
9746.T,0.0,0.0,none
9755.T,0.0,0.0,none
9757.T,0.0,0.0,none
9759.T,0.0,0.0,none
9761.T,0.0,0.0,none
9763.T,0.0,0.0,none
9760.T,0.0,0.0,none
9765.T,0.0,0.0,none
9768.T,0.0,0.0,none
9767.T,0.0,0.0,none
9766.T,0.0,0.0,none
9769.T,0.0,0.0,none
9790.T,0.0,0.0,none
9778.T,0.0,0.0,none
9780.T,0.0,0.0,none
9788.T,0.0,0.0,none
9782.T,0.0,0.0,none
9795.T,0.0,0.0,none
9791.T,0.0,0.0,none
9812.T,0.0,0.0,none
9799.T,0.0,0.0,none
9793.T,0.0,0.0,none
9816.T,0.0,0.0,none
9818.T,0.0,0.0,none
9820.T,0.0,0.0,none
9823.T,0.0,0.0,none
9824.T,0.0,0.0,none
9827.T,0.0,0.0,none
9830.T,0.0,0.0,none
9828.T,0.0,0.0,none
9831.T,0.0,0.0,none
9832.T,0.0,0.0,none
9835.T,0.0,0.0,none
9837.T,0.0,0.0,none
9843.T,0.0,0.0,none
9842.T,0.0,0.0,none
9845.T,0.0,0.0,none
9846.T,0.0,0.0,none
9849.T,0.0,0.0,none
9850.T,0.0,0.0,none
9853.T,0.0,0.0,none
9854.T,0.0,0.0,none
9856.T,0.0,0.0,none
9857.T,0.0,0.0,none
9861.T,0.0,0.0,none
9867.T,0.0,0.0,none
9869.T,0.0,0.0,none
9872.T,0.0,0.0,none
9876.T,0.0,0.0,none
9878.T,0.0,0.0,none
9880.T,0.0,0.0,none
9882.T,0.0,0.0,none
9887.T,0.0,0.0,none
9885.T,0.0,0.0,none
9888.T,0.0,0.0,none
9890.T,0.0,0.0,none
9889.T,0.0,0.0,none
9895.T,0.0,0.0,none
9896.T,0.0,0.0,none
9903.T,0.0,0.0,none
9900.T,0.0,0.0,none
9902.T,0.0,0.0,none
9904.T,0.0,0.0,none
9913.T,0.0,0.0,none
9908.T,0.0,0.0,none
9914.T,0.0,0.0,none
9906.T,0.0,0.0,none
9929.T,0.0,0.0,none
9927.T,0.0,0.0,none
9928.T,0.0,0.0,none
9932.T,0.0,0.0,none
9930.T,0.0,0.0,none
9934.T,0.0,0.0,none
9936.T,0.0,0.0,none
9946.T,0.0,0.0,none
9941.T,0.0,0.0,none
9948.T,0.0,0.0,none
9950.T,0.0,0.0,none
9955.T,0.0,0.0,none
9956.T,0.0,0.0,none
9959.T,0.0,0.0,none
9960.T,0.0,0.0,none
9962.T,0.0,0.0,none
9969.T,0.0,0.0,none
9972.T,0.0,0.0,none
9973.T,0.0,0.0,none
9974.T,0.0,0.0,none
9976.T,0.0,0.0,none
9978.T,0.0,0.0,none
9979.T,0.0,0.0,none
9980.T,0.0,0.0,none
9982.T,0.0,0.0,none
9983.T,0.0,0.0,none
9984.T,0.0,0.0,none
9987.T,0.0,0.0,none
9986.T,0.0,0.0,none
9989.T,0.0,0.0,none
9990.T,0.0,0.0,none
9991.T,0.0,0.0,none
9993.T,0.0,0.0,none
9994.T,0.0,0.0,none
9996.T,0.0,0.0,none
9997.T,0.0,0.0,none
